0,1,2,3,4,5,6,7,8,9,10,11,12,13,14,15,16,17,18,19,20,21,22,23,24,25,26,27,28,29,30,31,32,33,34,35,36,37,38,39,40,41,42,43,44,45,46,47,48,49,50,51,52,53,54,55,56,57,58,59,60,61,62,63,64,65,66,67,68,69,70,71,72,73,74,75,76,77,78,79,80,81,82,83,84,85,86,87,88,89,90,91,92,93,94,95,96,97,98,99
0.66297436,0.30532992,0.74101394,0.99501485,0.6954415,0.5425565,0.7499875,0.9286902,0.6641591,0.7553162,0.8610355,0.6724233,0.45098755,0.6983404,0.8538662,0.6956683,0.64047694,0.819232,0.83797693,0.33833286,0.585268,0.65721065,0.19327858,0.66644406,0.89052504,0.99064326,0.50418144,0.19471285,0.81131,0.07348749,0.7024926,0.30818316,0.16873276,0.61325693,0.0013020039,0.3792646,0.73154914,0.81208235,0.66180086,0.6615548,0.034183323,0.60716313,0.657661,0.60431486,0.84198636,0.5467565,0.5158996,0.79610825,0.009921804,0.0019236207,0.69538015,0.5715522,0.7646895,0.81444436,0.85222435,0.89980054,0.5044505,0.6118377,0.978632,0.78865767,0.55165315,0.7203439,0.22333631,0.5909674,0.40007663,0.78600454,0.6409692,0.80971205,0.5542441,0.99961895,0.76906645,0.6413588,0.5564427,0.15967077,0.9114567,0.9722073,0.7823756,0.32710356,0.6696059,0.79428244,0.6171489,0.7826835,0.62884367,0.9049706,0.7404425,0.31194693,0.50044435,0.058315545,0.6656247,0.7472773,0.6521837,0.6707586,0.6422226,0.61971354,0.6064566,0.67838484,0.517012,0.28989035,0.083633184,0.5489777
0.0,0.68801355,0.015595794,0.66581464,0.6629579,0.24558441,0.7331124,0.8790767,0.8402115,0.7559976,0.37936097,0.3683433,0.0,0.1475318,0.6259364,0.7417342,0.0,0.0,0.8801516,0.7649288,0.6508592,0.685336,0.0,0.09015089,0.06842095,0.8353062,0.7392223,0.64973366,0.0,0.58906794,0.90601385,0.70655173,0.44018707,0.48503888,0.57779634,0.75982565,0.23370045,0.27750087,0.47732207,0.85222936,0.51740694,0.81235385,0.32424432,0.8836407,0.50177014,0.7301237,0.92686415,0.0,0.4028791,0.71455836,0.7623814,0.7289105,0.5747813,0.3120437,0.0,0.5857176,0.9449232,0.5195841,0.0,0.98958564,0.9071625,0.33680892,0.8606543,1.0,0.34464386,0.733121,0.9591254,0.5232198,0.5522997,0.6190459,0.46153522,0.053818285,0.11324543,0.9044367,0.66694176,0.29058048,0.25646842,0.41454065,0.68654495,0.9126779,0.21101952,0.85539067,0.4778319,0.33602276,0.5008902,0.7050849,0.8080338,0.23534009,0.3944169,0.8664125,0.0572415,0.83900243,0.62851757,0.8333317,0.4277929,0.46705282,0.4418436,0.718408,0.86787254,0.36563095
0.7205112,0.8571284,0.62728924,0.99406534,0.7382103,0.31581312,0.30661142,0.7170716,0.04644108,0.80290115,0.94887847,0.74626607,0.85331964,0.9142475,0.76805955,0.046823323,0.604877,0.875827,0.73411024,0.19859752,0.4498141,0.19378048,0.68855906,0.176523,0.57889104,0.8477405,0.7151754,0.26808578,0.8552185,0.64341164,0.612646,0.7815027,0.5472543,0.5284628,0.53729916,0.9198463,0.8587772,0.74896294,0.7277015,0.58388036,0.5828148,0.5349474,0.47332847,0.39146656,0.72864115,0.6568073,0.06706101,0.29656255,0.6221251,0.5614001,0.6961521,0.44783875,0.8298999,0.84721535,0.623463,0.8059375,0.22612095,0.43421978,0.6982662,0.25576246,0.54919136,0.9015783,0.901893,0.75325435,0.7436688,0.46671003,0.47406965,0.9355312,0.49783713,0.6276528,0.7390181,0.26598126,0.7983864,0.8489626,0.67330414,0.7266024,0.8920284,0.16907594,0.5870631,0.8640887,0.7406872,0.84923047,0.7261696,0.55413604,0.76909876,0.38647395,0.43695712,0.42889526,0.5557026,0.8309373,0.35935917,0.5767945,0.64570606,0.8511992,0.7416865,0.47775137,0.9440496,0.20062062,0.71680784,0.8167311
0.31325364,0.69439024,0.7700666,0.60908204,0.51357406,0.3206874,0.44808343,0.69878423,0.774866,0.6057042,0.5127959,0.5844942,0.8423165,0.74039143,0.853265,0.6706306,0.5669629,0.6415266,0.81970036,0.743548,0.5980011,0.6702554,0.4980134,0.48144513,0.35155964,0.870647,0.38949794,0.2462649,0.27393985,0.6228005,0.66913164,0.7732544,0.5540314,0.70368314,0.46472093,0.6044368,0.53480464,0.48170096,0.58518976,0.57979053,0.743831,0.37810716,0.5792788,0.7138389,0.3068719,0.61595565,0.7081723,0.6116602,0.36498863,0.5912671,0.47768494,0.37509412,0.8757349,0.4172095,0.38436034,0.6101353,0.81034046,0.6763826,0.51577204,0.9012236,0.85666525,0.85681856,0.68367743,0.44041243,0.41498283,0.786423,0.5420075,0.45498306,0.61444235,0.533149,0.74483454,0.75695795,0.75252974,0.6477616,0.68216294,0.7090034,0.31536594,0.49953684,0.61997104,0.55963254,0.33056495,0.857392,0.883438,0.78170264,0.44747162,0.49232864,0.4673586,0.495343,0.48044476,0.37268397,0.17349416,0.7353154,0.71483487,0.7698331,0.57454437,0.47751433,0.40442136,0.79227966,0.87040454,0.31179988
0.26462358,0.70329195,0.7080831,0.6483743,0.5643034,0.30498704,0.65679514,0.5631708,0.81740326,0.72924334,0.5067442,0.12077069,0.85730094,0.71661717,0.9923542,0.7472733,0.51714855,0.6005323,0.5723095,0.73987514,0.74353874,0.58335155,0.56067276,0.46035415,0.049683273,0.9576146,0.7288672,0.14628434,0.5304199,0.6832523,0.7888038,0.6797994,0.62379277,0.83060026,0.46635342,0.3978468,0.4116456,0.47663587,0.5435761,0.40227547,0.7614234,0.19490555,0.4916334,0.75229466,0.4194852,0.5767833,0.83376837,0.6539166,0.40996552,0.5570353,0.5302164,0.4432566,0.7976184,0.45643142,0.39046842,0.7886827,0.8214915,0.6905973,0.48707825,0.99426895,0.9879873,0.8834502,0.58179003,0.48932493,0.7517124,0.67113626,0.5429084,0.43245655,0.5304533,0.5857025,0.88412434,0.6268691,0.43995193,0.66826296,0.57512784,0.7304875,0.32775766,0.5819439,0.4546513,0.78106356,0.14261681,0.66868544,0.8392259,0.8577704,0.37882873,0.50563407,0.6634942,0.4772541,0.5618863,0.68721867,0.362618,0.49658215,0.32157913,0.32846993,0.63767564,0.09596133,0.5860034,0.8628415,0.79518944,0.42609328
0.4967914,0.9179301,0.56365937,0.47855544,0.6574129,0.397372,0.67490506,0.70245004,0.4561479,0.70683354,0.332219,0.48599112,0.9199939,0.97581446,0.8716469,0.6308827,0.5534015,0.82053155,0.3794145,0.40233454,0.026501238,0.057392836,1.0,0.20913139,0.5475867,0.90311986,0.5619894,0.0043976605,0.48540607,1.0,0.6391144,0.89788526,0.56167376,0.6868254,0.5777896,0.7554336,0.12756944,0.34961918,0.013507485,0.40952575,0.8756082,0.002974689,0.3073172,0.0046319366,0.5667782,0.8213929,0.028219998,0.6431406,0.9895926,0.8070146,0.29370087,0.21038711,0.8857767,0.77682626,0.22477743,0.9999875,0.6350268,0.8273616,0.43767425,0.8121364,0.9153943,0.39865628,0.67807573,0.47877908,0.9188631,0.7578426,0.22599033,0.16203588,0.25383052,0.17415488,0.443281,0.92525166,0.8109918,0.9363663,0.7059062,0.26048425,0.69125706,0.142533,0.064786434,0.7148891,0.4857089,0.23218626,0.9929513,0.32285085,0.18514961,0.53398734,0.4243193,0.4125299,0.5281801,0.1541431,0.0036919117,0.23729119,0.46475136,0.8084307,0.8627413,0.08796859,0.97000855,0.8542167,0.9138366,0.38064325
0.39115793,0.54598033,0.5756042,0.52809626,0.6961414,0.42495185,0.64145166,0.5780458,0.8009511,0.8702962,0.46520483,0.56272656,0.7611207,0.66618365,0.75982237,0.84104276,0.6353933,0.4295396,0.6677122,0.75399673,0.45964015,0.43061414,0.41583002,0.7510607,0.66216844,0.96862406,0.6167769,0.22624505,0.5585488,0.524925,0.5142806,0.71905774,0.58317244,0.6287565,0.41037017,0.41441402,0.28611848,0.4323835,0.5565306,0.4506035,0.60714334,0.27771425,0.40839803,0.5084541,0.560381,0.47867316,0.6942619,0.7576345,0.3201765,0.48703772,0.48434028,0.25225416,0.58688843,0.6073724,0.4292798,0.6089361,0.7624875,0.46240926,0.5538157,0.7957048,0.6511713,0.590674,0.44935784,0.28813037,0.51651895,0.6631508,0.44504026,0.4743747,0.52018726,0.467901,0.6413512,0.7557562,0.5683267,0.5806454,0.84088385,0.8101546,0.4017822,0.3060575,0.49144584,0.37848762,0.3396487,0.8977239,0.7690835,0.5120282,0.51281947,0.275275,0.19889638,0.54469377,0.74430037,0.66880727,0.33729285,0.3236708,0.6330638,0.5659548,0.7777227,0.6366057,0.5359689,0.7894598,0.5490744,0.31205565
0.6425432,0.46275154,0.7189954,0.95781493,0.4944136,0.6694325,0.8604094,0.887683,0.6386767,0.64329594,0.70666766,0.66665244,0.2521699,0.5137155,0.62172306,0.75349104,0.62836146,0.7121844,0.7165226,0.32082182,0.49522617,0.8028919,0.16860893,0.53590876,0.9044118,0.82768875,0.37758076,0.37983394,0.6424005,0.12167776,0.81607056,0.2870708,0.11519149,0.62225366,0.1950409,0.4440734,0.58718944,0.8726479,0.6683412,0.8302189,0.0,0.66790986,0.7698914,0.70675933,0.68311757,0.5185873,0.68388945,0.6627252,0.011692032,0.1494247,0.5677056,0.60279536,0.639531,0.7651216,0.64842325,0.8457367,0.6859608,0.5225294,0.87919766,0.82743514,0.6553127,0.59354794,0.24156585,0.5890896,0.40033406,0.7630708,0.6192885,0.7433352,0.44437748,0.8767724,0.64991415,0.5827169,0.4847673,0.2022025,0.9254055,0.71488637,0.695784,0.2701806,0.74208343,0.9146292,0.52853304,0.7444562,0.417673,0.71940476,0.6625551,0.32194543,0.61239904,0.033308297,0.62382454,0.62976706,0.5413705,0.6189113,0.63882005,0.5731029,0.6184228,0.7210461,0.35791636,0.33873037,0.22308797,0.52739257
0.35638118,0.35334098,0.6579148,0.7360637,0.28850776,0.0,0.53313917,0.86943007,0.6787814,0.81500036,0.39025754,0.53292865,0.696964,0.49280792,0.73800325,0.6622945,0.6913593,0.36840865,0.89707184,0.77930576,0.50295335,0.63130975,0.58609706,0.7074682,0.8693038,0.8756731,0.6944023,0.63043153,0.7203005,0.5767358,0.36595044,0.99999994,0.6645425,0.37954146,0.68538535,0.597698,0.7873791,0.5970675,0.94416106,0.6047272,0.73482907,0.5572834,0.5262675,0.71532315,0.58597,0.62766457,0.707883,0.29475236,0.18704629,0.8770192,0.38318488,0.60748065,0.9171696,0.6724128,0.7119279,0.6137366,0.50774276,0.6000473,0.60573953,0.41562945,0.0,0.0,0.8903143,0.5191071,0.47889557,0.2765578,0.6846804,0.59363425,0.42819336,0.46836042,0.37852025,0.8472774,0.89009607,0.5918309,0.6941967,0.5372999,0.5284985,0.5362124,0.7928486,0.35004056,0.5264917,0.72786826,0.37470174,0.07720548,0.59514225,0.3368917,0.6153479,0.58125544,0.5659716,0.7046991,0.71550536,0.64392835,0.79663694,0.6973187,0.87662834,0.95050204,0.71732754,0.77415454,0.96856385,0.0
0.5053719,0.3719494,0.73850316,0.78196424,0.69552404,0.62100375,0.90127593,0.8094567,0.78412783,0.7782743,0.6678161,0.45217374,0.52322876,0.603598,0.93822205,0.80675405,0.6435012,0.6396131,0.5455922,0.44233495,0.5611662,0.7530707,0.30881646,0.6491948,0.63665396,0.9462267,0.57172275,0.16001424,0.8163746,0.08238864,0.6504309,0.25298148,0.20343214,0.72601134,0.08335245,0.13096774,0.56951445,0.650399,0.5206703,0.53397244,0.16470271,0.41361195,0.54633605,0.5646173,0.76901865,0.47836784,0.71096647,0.79478914,0.05903341,0.072289616,0.66508466,0.42276734,0.5618645,0.8193869,0.81436056,0.8582957,0.5070439,0.6852853,0.93907523,0.8605026,0.7445681,0.7767624,0.100764155,0.44701573,0.5938084,0.60093147,0.5314594,0.731223,0.5770267,0.863324,0.8608346,0.5297736,0.32425532,0.16967481,0.9009216,0.9478526,0.70293623,0.38654074,0.4954617,0.8355314,0.3899394,0.7265773,0.62646115,0.9625784,0.5400313,0.2400317,0.590947,0.16588777,0.67840576,0.8514482,0.64839035,0.54502314,0.40144956,0.29119247,0.5016051,0.48233724,0.56964266,0.41480452,0.13867426,0.6873258
0.6587203,0.31320804,0.7488754,0.9824674,0.6922039,0.54950345,0.74310637,0.92437255,0.66711473,0.75485677,0.8480083,0.6669129,0.45736346,0.6974063,0.86018586,0.6972061,0.6373814,0.8225771,0.83471745,0.3418198,0.5875516,0.6611729,0.19037902,0.6631255,0.8790225,0.9919469,0.498949,0.18398878,0.80072963,0.07519969,0.7071389,0.31181815,0.17016447,0.6172515,0.0012356937,0.37697458,0.72617525,0.8104544,0.6591568,0.66333556,0.043495923,0.6019606,0.66411996,0.6007762,0.8322205,0.54975754,0.5241475,0.795139,0.010849863,0.0,0.6898552,0.56767553,0.7689778,0.8038973,0.84016424,0.89399713,0.5090651,0.6099787,0.97097147,0.7911024,0.558463,0.7273297,0.2314156,0.58860683,0.39744216,0.7945094,0.6442578,0.8028712,0.55550355,0.9973042,0.7730025,0.6477383,0.5604276,0.15987575,0.90777194,0.97401786,0.77324337,0.3220053,0.6701929,0.7926211,0.60499513,0.78308934,0.6344436,0.91048783,0.73898315,0.31731442,0.4925671,0.056810647,0.6664164,0.7395804,0.64090765,0.66465247,0.639919,0.61795,0.605162,0.6734625,0.505432,0.29771787,0.090521455,0.5537896
0.4947238,0.91439027,0.5486487,0.46693003,0.67237496,0.39558464,0.67482835,0.7035853,0.45824838,0.7144164,0.33025384,0.48282957,0.9176335,0.9721223,0.87493837,0.6334216,0.5482281,0.81372625,0.37975976,0.40585783,0.023662388,0.048003912,0.9990486,0.20845312,0.5380074,0.9068759,0.5715691,0.0,0.48509747,0.99882126,0.6344839,0.89817816,0.5658213,0.6865153,0.5721935,0.7492056,0.11824083,0.33544266,0.0,0.40107054,0.87710655,0.0,0.29378968,0.0,0.5798317,0.8226701,0.022366285,0.64487094,1.0,0.8029841,0.3036695,0.20505479,0.8778165,0.7765367,0.21625453,1.0000001,0.63388,0.8236984,0.43138993,0.81322706,0.9236344,0.40347764,0.6688692,0.47855237,0.9222432,0.757514,0.22227985,0.15964735,0.25863773,0.17539841,0.44437605,0.9164721,0.7988068,0.941259,0.70708096,0.26595855,0.6943562,0.13874972,0.05287361,0.7112313,0.4807071,0.23567712,1.0,0.32625335,0.18345731,0.5345887,0.4213525,0.41478688,0.5326966,0.16360855,0.0,0.23184842,0.45675436,0.8048955,0.86015534,0.08288169,0.9730987,0.8525275,0.905451,0.38894463
0.51304555,0.29534468,0.7976507,0.5886742,0.5911228,0.5843853,0.4656319,0.57053995,0.73635197,0.7616247,0.65677154,0.48312774,0.7286779,0.42880908,0.57623756,0.8074546,0.76267374,0.77072483,0.7127509,0.44371396,0.705059,0.49638438,0.4067138,0.66109663,0.3758787,0.8873354,0.7032969,0.019283026,0.8122625,0.17261887,0.6210033,0.4968675,0.27622357,0.8165498,0.13022304,0.041419566,0.24250218,0.63861823,0.45983613,0.4336208,0.4271832,0.3108044,0.3724717,0.49395186,0.8938191,0.52741903,0.6601461,0.6825494,0.09852195,0.0059863925,0.63894737,0.6592368,0.5685512,0.62179136,0.58403844,0.8169861,0.4368414,0.33571956,0.86069024,0.46725324,0.62203044,0.778136,0.086305976,0.28512537,0.47310895,0.8670351,0.62928706,0.590649,0.36558524,0.30571055,0.9130781,0.7409154,0.44188827,0.37638783,0.75399154,0.94645953,0.62499434,0.41078913,0.49930024,0.48455858,0.2915052,0.6913398,0.8666055,0.8000779,0.5794521,0.36595035,0.6135381,0.15946108,0.6812028,0.79763806,0.6564262,0.27498573,0.20487094,0.34964278,0.80936545,0.6196209,0.15976715,0.3901123,0.1571104,0.8596793
0.7326624,0.5081641,0.7367188,0.38385206,0.65641254,0.66166776,0.81053025,0.6699676,0.77130157,0.8689178,0.42737862,0.44061387,0.63972664,0.4602112,0.6740674,0.93379587,0.87532187,0.6862458,0.5154041,0.6251582,0.3239318,0.31742918,0.23951098,0.9297775,0.7917404,0.9242805,0.45855796,0.16739532,0.5538717,0.22815698,0.48486108,0.6717904,0.5327724,0.66010296,0.44699505,0.12335968,0.19672966,0.5007169,0.48287892,0.55760205,0.5796289,0.26300436,0.6844703,0.575734,0.727912,0.44774705,0.67028666,0.9852836,0.22626106,0.3771162,0.25856778,0.080345035,0.6812664,0.7975255,0.60223293,0.6181651,0.887296,0.53544146,0.7617748,0.7254467,0.6451229,0.39481202,0.1292054,0.052811503,0.67546165,0.68762237,0.31915748,0.38999248,0.38009337,0.61326563,0.6485781,0.8921379,0.52302563,0.2783893,0.9003478,0.8514236,0.662167,0.19787914,0.6260014,0.25171477,0.13376445,0.93307716,0.70242673,0.6542704,0.5137949,0.10106808,0.00042182207,0.49916923,1.0,0.7071245,0.5233193,0.2923152,0.5741826,0.2528208,0.83941364,0.63579863,0.23919094,0.7824467,0.20260203,0.40463573
0.1962707,0.70885205,0.75962234,0.6643554,0.5606513,0.29993886,0.41105145,0.5371615,0.8022783,0.630181,0.5562271,0.5399743,0.9161037,0.78310114,0.89985824,0.6583287,0.49818563,0.55049783,0.68553615,0.7366042,0.7142014,0.60798824,0.5541369,0.40751225,0.22863972,0.890118,0.5558243,0.19968414,0.39070353,0.6886419,0.6809465,0.68226963,0.570836,0.82939386,0.465092,0.5459182,0.469182,0.4263739,0.5399083,0.4814017,0.7889452,0.31781363,0.4643898,0.70325357,0.25517935,0.5389132,0.7787891,0.56871253,0.3415491,0.51465034,0.51668584,0.472459,0.67296404,0.4238137,0.48003155,0.6508172,0.79336685,0.6107392,0.5423596,0.8418287,0.8656246,0.86748195,0.6189959,0.3999097,0.35840872,0.7175373,0.5564448,0.5272017,0.5942589,0.43634588,0.8932602,0.66643476,0.6314527,0.7295321,0.6130645,0.75131077,0.23504952,0.53274214,0.5434675,0.6264398,0.37467358,0.83491755,0.89469916,0.78257215,0.45152405,0.48668236,0.573954,0.52410734,0.42202058,0.5320882,0.2721008,0.67273164,0.55124766,0.63951564,0.5823139,0.40069783,0.47883174,0.76067626,0.86952674,0.3968627
0.28828177,0.6930461,0.5927973,0.5578815,0.6400379,0.41751695,0.5115839,0.6713204,0.7929296,0.746237,0.52741444,0.4991644,0.7913095,0.8017142,0.8264464,0.7341211,0.49783996,0.48582178,0.70209587,0.7230721,0.7172003,0.4449013,0.46022028,0.53219664,0.36564246,0.9030202,0.57762724,0.22682151,0.341251,0.6507685,0.64421767,0.7853057,0.6212912,0.64709705,0.5045925,0.6567664,0.3838929,0.5121013,0.6356524,0.53763026,0.7404151,0.3497851,0.49000797,0.65487486,0.38675314,0.62001765,0.6847074,0.70373034,0.39680505,0.5544599,0.49835986,0.3411467,0.79179597,0.418853,0.26970434,0.5184592,0.88328576,0.5521208,0.43064797,0.92702717,0.8654874,0.74203515,0.7502834,0.43487573,0.5685264,0.82757455,0.544356,0.44681942,0.56424934,0.51165414,0.6804835,0.72060704,0.6467786,0.6942859,0.72686267,0.6800487,0.291466,0.4024721,0.5984991,0.4813226,0.37858447,0.91764164,0.79528606,0.6554716,0.5466188,0.4434604,0.23471019,0.57124954,0.6060893,0.52420926,0.26100087,0.5704824,0.6875147,0.7801776,0.6751417,0.46889734,0.48068282,0.8672399,0.8003969,0.2985162
0.5903277,0.8080077,0.57221496,0.48864037,0.8103231,0.4186333,0.14690286,0.44667146,0.27859548,0.7671869,0.6671452,0.8236226,0.9014765,0.8594099,0.58382934,0.26698127,0.6778592,0.7039831,0.5300832,0.32423407,0.19247139,0.0,0.76221764,0.1748924,0.43453476,0.7947332,0.64539194,0.17064467,0.5826654,0.7601683,0.38355008,0.87946516,0.6979928,0.70395374,0.66155887,0.6676344,0.33510044,0.40011778,0.36604387,0.44568935,0.9059817,0.2899218,0.2836158,0.20659494,0.6173586,0.5144734,0.07809466,0.46349174,0.83035916,0.60664636,0.5655627,0.21337742,0.42464656,0.77429193,0.39918348,0.74031323,0.49224228,0.30619127,0.64861846,0.2417382,0.73868006,0.77132756,0.5879651,0.3686435,0.64777607,0.6247058,0.25522816,0.6789255,0.44125262,0.20921046,0.77028066,0.4984491,0.66870064,1.0,0.6357066,0.62114286,0.67498237,0.09057161,0.37424627,0.52097523,0.5450458,0.93477297,0.90375894,0.40331554,0.5272563,0.4000287,0.26238626,0.6446553,0.6300843,0.6423113,0.18328246,0.45334452,0.57391,0.79907453,0.7603351,0.5345089,0.6510323,0.38313407,0.7494077,0.8496833
0.46467602,0.5874902,0.30676416,0.49531403,0.8533565,0.39345926,0.8421616,0.6706219,0.7021218,0.8740667,0.67852914,0.6303724,0.8226495,0.76234853,0.6490036,0.7785837,0.5340706,0.2747688,0.60559285,0.8054863,0.686681,0.22353637,0.47612542,0.82742554,0.72980136,0.8293812,0.78148556,0.43154982,0.6686762,0.53355926,0.4980621,0.7146266,0.5842544,0.4876988,0.5935958,0.7256028,0.3183506,0.47929204,0.69865,0.23518693,0.5396222,0.262766,0.2945246,0.6386385,0.74335194,0.5483638,0.4464899,0.8103721,0.45668745,0.58311474,0.5758602,0.2333498,0.7187306,0.645788,0.43160957,0.49108213,0.8432846,0.5225349,0.59089106,0.86898977,0.7593808,0.6582519,0.65530866,0.35866123,0.6504238,0.6106718,0.25877422,0.4950762,0.60694706,0.43310252,0.376028,0.6800032,0.63335454,0.6011411,0.9318272,0.73847514,0.58881634,0.35030538,0.5257203,0.38617444,0.47254127,0.85192543,0.6802704,0.57339144,0.6355686,0.1105192,0.0,0.70780706,0.8068971,0.7516182,0.42603025,0.22546571,0.6288741,0.7316302,0.78456503,0.6016348,0.8194054,0.89125884,0.5619806,0.32555532
0.69656986,0.26716745,0.6983106,0.7660668,0.6496202,0.65338326,0.8478437,0.9023619,0.6704544,0.8042536,0.8129689,0.65975684,0.4361751,0.6313431,0.79393953,0.7808379,0.6892912,0.76984173,0.7975989,0.38302836,0.50022423,0.598415,0.13947487,0.75468326,1.0,0.9994143,0.50406086,0.17613757,0.86075354,0.053839743,0.61647457,0.32640886,0.20133829,0.6068111,0.04806167,0.3092146,0.62692654,0.8048099,0.68163615,0.5772561,0.013431728,0.52077913,0.6249454,0.48685166,0.8764268,0.46362406,0.5166774,0.870709,0.00014770031,0.034843236,0.6238636,0.4269243,0.7785779,0.82748103,0.76399803,0.8634007,0.58688164,0.5300155,0.97541445,0.75860834,0.6077585,0.6980056,0.15634733,0.4937992,0.52689767,0.78518176,0.5630079,0.7638563,0.5426381,0.8866292,0.71177787,0.69605404,0.50787956,0.11785555,0.96542823,1.0,0.7910424,0.2547441,0.5420408,0.75463015,0.52280223,0.79298806,0.5740916,0.858799,0.724112,0.21540701,0.31969336,0.12864512,0.75982726,0.72996235,0.6347745,0.4767747,0.6697406,0.5307145,0.72244483,0.7246217,0.5109775,0.32544392,0.0009894371,0.51748353
0.26161578,0.7148117,0.718327,0.65275836,0.55881894,0.32058558,0.6674871,0.5607701,0.81706107,0.7234772,0.4998334,0.12628925,0.8587277,0.72948146,0.9980427,0.7487643,0.51296663,0.6014768,0.55986357,0.73007977,0.7348752,0.5783397,0.5718634,0.4513417,0.06783891,0.9557726,0.72500974,0.14471212,0.53287935,0.69149846,0.79098105,0.66612643,0.62133896,0.8338836,0.46612862,0.40864137,0.41618815,0.48290452,0.5368005,0.40533847,0.7584308,0.18897456,0.4982385,0.74071157,0.40339285,0.57403505,0.8281261,0.658648,0.41013786,0.5592048,0.51876324,0.442632,0.7940019,0.46693367,0.38885626,0.7926361,0.8273709,0.69617105,0.49470246,1.0,0.9924811,0.86966866,0.58931315,0.4864641,0.7517429,0.66912246,0.53815764,0.4343213,0.5272518,0.57961625,0.8852947,0.6357777,0.451,0.66750926,0.5814948,0.71989447,0.32371262,0.5717235,0.452243,0.79042476,0.1554887,0.6604722,0.8312159,0.84700584,0.37931696,0.50200254,0.6495659,0.47753987,0.5519483,0.6747732,0.3617533,0.4887907,0.3273366,0.33550987,0.63900316,0.100224674,0.6019665,0.8672455,0.7992259,0.41616446
0.593034,0.44641924,0.78039163,0.8148606,0.79972476,0.53251106,0.7376224,0.8830907,0.60975194,0.80389565,0.8770576,0.6260057,0.5023495,0.6121031,0.8181981,0.6461965,0.6443491,0.8096282,0.5564474,0.2268919,0.6676831,0.53593403,0.18872708,0.55771697,0.6640665,0.7984354,0.5690304,0.108505785,0.67306495,0.0,0.6356267,0.3806871,0.14770529,0.54742086,0.19605261,0.30441338,0.6522831,0.7239437,0.4918289,0.68858385,0.22625294,0.47636995,0.6442981,0.44281232,0.75987345,0.6265444,0.45991868,0.7812854,0.14466697,0.05977422,0.665799,0.55516165,0.75527084,0.84219337,0.81749606,0.6764242,0.40636915,0.636025,0.88642216,0.633452,0.6251242,0.57712555,0.30885902,0.4262783,0.41376737,0.7411606,0.67915124,0.8194568,0.4703496,0.969702,0.76980555,0.55706257,0.5983092,0.11010885,0.8677882,0.82272077,0.8170165,0.27600315,0.71128047,0.7663737,0.48711917,0.80689746,0.5687685,0.9417602,0.7855427,0.31586304,0.3725518,0.20464964,0.7041068,0.82610464,0.70903826,0.64544225,0.5306593,0.5638371,0.5364862,0.61477005,0.47219306,0.34130067,0.14575279,0.7387377
0.6952584,0.267316,0.69772553,0.764416,0.6500517,0.65342236,0.84890354,0.9024847,0.6707961,0.8051916,0.8135991,0.6597792,0.43613628,0.63118505,0.79456323,0.781539,0.6882842,0.76947206,0.79658526,0.38295704,0.5012287,0.5978763,0.13698834,0.7543624,0.9995663,0.9991191,0.50490993,0.17449898,0.86049503,0.052617013,0.616395,0.3262478,0.20039922,0.6059554,0.047874987,0.3090885,0.6271637,0.80458575,0.6815687,0.5769721,0.012884438,0.52016747,0.6246296,0.4849996,0.87595737,0.46399194,0.51675224,0.87113196,0.0,0.034380347,0.6242452,0.4265775,0.78027767,0.82698023,0.7630547,0.86179686,0.5864871,0.5298676,0.97428465,0.75844014,0.6086535,0.69723403,0.15691489,0.49439818,0.5261361,0.78570616,0.56449527,0.7647325,0.542834,0.88662386,0.7115765,0.6951973,0.50776714,0.11612034,0.9657378,0.999894,0.7905812,0.2546111,0.5413705,0.75581425,0.5223532,0.79285544,0.57323873,0.8598111,0.72538847,0.2155194,0.31751925,0.12896389,0.7603308,0.73037976,0.6350084,0.47538,0.669984,0.53118706,0.7223338,0.72457916,0.5118499,0.32555708,0.0,0.5173564
0.1505247,0.41302282,0.32011682,0.4220612,0.94475377,0.15341042,0.9563553,0.87852836,0.746451,0.7012771,0.8514298,0.86104745,0.70800626,0.6070046,0.5418341,0.82253003,0.61632943,0.11863297,0.0,0.4395762,0.87199533,0.75733227,0.37433165,0.3746858,0.19804084,0.0,0.6115052,0.64308345,0.24287677,0.068406284,0.2880145,0.8800768,0.008397996,0.0,1.0,0.6263536,0.7180204,0.67537457,0.47483304,0.6765896,0.4847607,0.03387934,0.34709638,0.19514406,0.5407986,0.8883535,0.37270054,0.79827905,0.41927814,0.69527715,0.94082546,0.46502358,0.63057804,0.74555856,0.77838105,0.0,0.23920307,0.99999994,0.5022659,0.902117,0.72779435,0.3361172,0.82090825,0.23051468,0.5024467,0.43519503,0.6869234,0.8544186,0.5322483,0.65756154,0.0,0.4018611,0.82867795,0.0,0.81443405,0.0,0.9087124,0.9461556,0.82712865,0.80404633,0.82541263,0.70253307,0.0,0.7842263,0.77891666,0.39499295,0.33841848,0.885937,0.7195096,0.65554214,1.0,0.75920916,0.5941962,0.86873657,0.082912564,0.781634,0.98430276,0.7027577,0.85948145,0.50269765
0.29714978,0.641952,0.7747715,0.6015421,0.5316163,0.42398754,0.4418497,0.65479714,0.8124708,0.70700467,0.5521093,0.4189621,0.89822996,0.7809375,0.9373844,0.71790785,0.5634094,0.6229849,0.73495513,0.68950886,0.7823502,0.58896554,0.5407054,0.53621024,0.30319178,0.9355095,0.5722348,0.14507914,0.46553588,0.59918183,0.69062525,0.7124454,0.5750789,0.75026804,0.39821267,0.5223199,0.5022709,0.55690956,0.6393707,0.51185113,0.7425364,0.33517227,0.55079746,0.68555045,0.36427274,0.636412,0.7585721,0.6970858,0.29240686,0.45015097,0.45989686,0.41272074,0.8768961,0.41148466,0.3989396,0.6037873,0.77036244,0.6145279,0.5431004,0.88451475,0.8035749,0.85702825,0.7047953,0.40236416,0.5200288,0.80720496,0.5826686,0.44258237,0.59431064,0.5328634,0.8064756,0.8014984,0.6797655,0.6028669,0.6647469,0.7977643,0.2834075,0.48010266,0.6132392,0.5270263,0.33315048,0.82162285,0.84062064,0.79967105,0.5350196,0.4601699,0.40724903,0.48308048,0.5816147,0.5193764,0.3428154,0.6086923,0.58099174,0.67508304,0.6515834,0.43847016,0.44301394,0.81149024,0.8313527,0.3900385
0.7374107,0.47277254,0.8190754,0.13664764,0.01393187,0.6653521,0.6953798,0.9227116,0.7409562,0.6142989,0.0022684336,0.487481,0.71893257,0.16759789,0.5391898,0.9120301,1.0,0.5393009,0.58821243,0.7418115,0.0,0.8121959,0.7903135,0.7206002,0.6881838,0.67522615,0.13719374,0.45090792,0.4357028,0.3650637,0.41094494,0.79141,0.5876074,0.792848,0.5331727,0.0,0.11103529,0.49710295,0.4622041,0.64489675,0.7184905,0.25149408,0.6409187,0.8206722,0.64445937,0.52705383,0.89144677,0.61471635,0.22613841,0.6590906,0.0030091405,0.0,0.7959106,0.7298126,0.32498693,0.72323215,0.823164,0.60163003,0.71994555,0.7252804,0.715896,0.727803,0.2477887,0.0,0.892576,0.6427788,0.0,0.0,0.4328856,0.14333367,0.3994033,0.9900886,0.60001415,0.46750337,0.91346884,0.55855435,0.624397,0.38099232,0.44679594,0.16349328,0.0025330782,0.81736076,0.70158845,0.51847464,0.0862515,0.11250973,0.7826461,0.52136433,0.7976421,0.39469418,0.41947782,0.47503382,0.53124,0.17486769,0.7638145,0.7674792,0.07664281,0.7504219,0.8289646,0.5465987
0.6560692,0.9427661,0.58517337,0.95742023,0.70255935,0.33923355,0.32589188,0.68491423,0.06574714,0.82663405,0.8488711,0.67524385,0.81305623,0.8458855,0.75527656,0.099369854,0.5551262,0.84611154,0.7127121,0.2342062,0.46857265,0.23034215,0.6121547,0.16711745,0.5186595,0.8362149,0.6982749,0.22470808,0.74817055,0.66587144,0.7115021,0.8223777,0.5046117,0.50944597,0.5559813,0.9252477,0.7800484,0.7114908,0.66993433,0.63962376,0.58441454,0.51713866,0.50620973,0.3907604,0.6619866,0.6986859,0.15631938,0.24478829,0.63621503,0.58709526,0.6691623,0.4549637,0.85413766,0.77639294,0.5071609,0.7569732,0.25320834,0.40743577,0.5683089,0.28399175,0.58592296,0.83740133,0.94806755,0.7703783,0.67041254,0.48510987,0.552617,0.8779507,0.46550652,0.5646158,0.7026028,0.21395457,0.75275993,0.85712713,0.6648799,0.6724341,0.8161929,0.15252227,0.5986302,0.893224,0.6738584,0.80713636,0.7143922,0.5246775,0.7543256,0.43101603,0.43872955,0.3771827,0.56653774,0.79475003,0.23218423,0.52593863,0.61252046,0.84050494,0.7476869,0.43819487,0.8708739,0.25761476,0.744622,0.802185
0.14141926,0.62919414,0.8431252,0.35324293,0.5286379,0.8313527,0.45509258,0.62524116,0.8520248,0.5055246,0.38079426,0.77899563,0.7455373,0.8485341,0.8623122,0.714776,0.3680762,0.4405899,0.26471722,0.28477016,0.6493874,0.24742126,0.68664896,0.21264729,0.63326913,0.8661802,0.6788536,0.22577962,0.57723296,0.59588546,0.5630056,0.29542667,0.5317572,0.97130656,0.39615226,0.540623,0.15959692,0.46447867,0.3618426,0.5544514,0.8621788,0.5164114,0.4995131,0.40338013,0.15064031,0.59036106,0.6306666,0.6801113,0.23010433,0.31755397,0.16594434,0.5087228,0.41460684,0.6009977,0.47235027,0.6690694,0.8821094,0.532391,0.77035093,0.60801756,0.68841445,0.22748905,0.6451488,0.19197083,0.3007946,0.9303211,0.5464518,0.4518804,0.42088154,0.38715845,0.92178226,0.9647237,0.6108961,0.67431444,0.7229812,0.55752623,0.14012092,0.112167776,0.5943113,0.36425537,0.6075325,0.7057718,0.76564604,0.36566097,0.63315225,0.35034147,0.30830204,0.5367902,0.35731292,0.58750707,0.5868943,0.5838061,0.54282606,0.87125707,0.7318074,0.7700031,0.466772,0.8052267,0.8316565,0.5760925
0.35359895,0.78277296,0.7274951,0.6917491,0.41404647,0.47142237,0.60357046,0.81958765,0.6995609,0.6232372,0.46722126,0.45199144,0.70677924,0.6465662,0.86151886,0.69379574,0.50504327,0.6175097,0.79400057,0.6760134,0.7191739,0.7710124,0.43480632,0.42878538,0.36011466,0.8478706,0.41198948,0.27978176,0.3192727,0.5619467,0.8683022,0.6999901,0.4638252,0.66362137,0.43029466,0.6708982,0.5217295,0.6410547,0.651799,0.7305018,0.5899475,0.49328423,0.6981061,0.82502884,0.34055173,0.7228473,0.8048181,0.5401985,0.29412872,0.5584508,0.44043154,0.42099342,1.0,0.37285435,0.26437876,0.58837056,0.81305915,0.6624639,0.40635923,0.98251384,0.86091983,0.8601096,0.8284478,0.5529599,0.5113156,0.8264661,0.6165534,0.41655782,0.5826894,0.6007573,0.6451761,0.639722,0.66042465,0.56188583,0.7353821,0.6502775,0.33681265,0.45377547,0.7159026,0.70081705,0.31207108,0.80562204,0.74897534,0.7856576,0.51600826,0.49890798,0.5571958,0.35776842,0.53560406,0.4395801,0.18975297,0.68988144,0.6653018,0.7268267,0.5976023,0.434273,0.39068696,0.7928579,0.8742225,0.36698478
0.10147256,0.8561391,0.7082738,0.89250416,0.6386199,0.11294907,0.5063407,0.36423412,0.8466393,0.6630128,0.64577895,0.68097025,0.7498654,0.7505723,0.7550169,0.6857781,0.38701105,0.50916743,0.81310666,0.8269794,0.5663874,0.65549994,0.18979129,0.46139714,0.38135228,0.8364137,0.43536332,0.27698603,0.1433106,0.7209274,0.77839077,0.72084475,0.429948,0.6883752,0.5512998,0.69375986,0.55847895,0.42580116,0.58437645,0.61051315,0.64037263,0.31644714,0.51161677,0.68162614,0.08790654,0.4289703,0.8722663,0.4851507,0.29232767,0.6133936,0.61614084,0.52451545,0.6025907,0.4254354,0.51956636,0.59027463,0.84229004,0.56903964,0.4537706,0.906362,0.86253667,0.6928068,0.60339075,0.5105787,0.011713386,0.6546329,0.76329064,0.7096866,0.5449786,0.46633276,0.86574394,0.502266,0.7265561,0.7424329,0.6702727,0.67475694,0.14191836,0.5706743,0.6781134,0.808261,0.43680412,0.89569426,0.8164042,0.6946372,0.5110064,0.52766514,0.4313742,0.4554277,0.36560363,0.4483521,0.0089684725,0.7169908,0.7669442,0.77744925,0.53746074,0.46902305,0.4687124,0.74779624,0.74838257,0.122130714
0.39164582,0.63308936,0.7882031,0.8164091,0.6449734,0.52750957,0.5516503,0.45271602,0.7668125,0.80660045,0.6405332,0.5986182,0.5389018,0.56208897,0.70575,0.78651786,0.61707276,0.71868974,0.70459294,0.50786304,0.4313932,0.6762658,0.10727471,0.5829184,0.63749963,0.89842695,0.41014582,0.0594621,0.46537897,0.25135964,0.7747299,0.4852873,0.123346,0.74046385,0.23497285,0.25446194,0.4851175,0.5305383,0.38770682,0.6630598,0.30970168,0.37504297,0.5818437,0.40636578,0.5196606,0.41793925,0.7890956,0.60253,0.07294983,0.15625864,0.57034224,0.48719877,0.48799497,0.69539934,0.71611065,0.73570645,0.5483616,0.4654593,0.7690725,0.60673416,0.64818764,0.5514803,0.1230371,0.36675724,0.091827154,0.59656316,0.7448702,0.7509078,0.43632334,0.4662838,0.9076314,0.54839635,0.52451074,0.39604095,0.809904,0.87861794,0.5116931,0.28488034,0.62286115,0.7852912,0.40688837,0.7733064,0.7255923,0.7619087,0.56206614,0.34271634,0.42593545,0.08349928,0.6087199,0.5691068,0.2102758,0.48723686,0.5211878,0.47786167,0.6013264,0.5767133,0.24045974,0.41791275,0.20575744,0.56303775
0.6179932,0.6958203,0.5947748,0.8262081,0.11423355,0.42716527,0.98763347,0.6723339,0.6471379,0.5602424,0.4006205,0.4683451,0.32790512,0.21211064,0.14809006,0.99037313,0.7717996,0.73540056,0.7802156,0.5687508,0.12329543,0.7179453,0.5299517,0.64970475,0.8978966,0.6511786,0.20893654,0.5881373,0.34912,0.64710623,0.8052974,0.9138479,0.13493088,0.4684951,0.82411504,0.6140833,0.22379702,0.82945436,0.58479095,0.7872164,0.36681926,0.32557654,0.5899575,0.49800473,0.6245408,0.65972483,0.648564,0.47136974,0.3220498,0.85793805,0.18069756,0.581255,0.8669426,0.7026584,0.43124166,0.8723745,0.84311163,0.70115834,0.5998063,0.89856815,0.6110463,0.05475855,0.3937941,0.5426815,0.78277516,0.61275613,0.5296984,0.24475259,0.009504497,0.009478211,0.11281687,1.0,0.84471405,0.61525285,0.8240077,0.034289777,0.7471167,0.43989354,0.61763495,0.81389135,0.35515332,0.11923891,0.4217562,0.10527569,0.21201515,0.37846875,0.6331779,0.035949647,0.5922079,0.0,0.17547286,0.2883749,0.6281209,0.7011732,0.93643326,0.5272751,0.39822406,0.80310214,0.7757043,0.024460137
0.56411105,0.39865735,0.35308486,0.6916441,0.8455218,0.20655508,0.7471226,0.6750188,0.68024385,0.8503814,0.7666769,0.6613311,0.7836256,0.88008195,0.6547171,0.7202493,0.65396714,0.33288077,0.7591889,0.80471957,0.45854938,0.2625484,0.5491242,0.83365875,0.7769771,0.9362009,0.7567266,0.50228894,0.7518889,0.5928266,0.3746363,0.7553739,0.7258384,0.5046067,0.5472048,0.6702569,0.40709212,0.5554315,0.7928276,0.27983865,0.517005,0.29641402,0.2670366,0.68279696,0.83939713,0.43672615,0.39567322,0.84816724,0.46976346,0.58871007,0.6700302,0.27140328,0.59864855,0.7167344,0.53271884,0.687343,0.86163485,0.48341596,0.64637536,0.9089585,0.6716588,0.76227075,0.51124734,0.45748502,0.85355496,0.6223273,0.19888291,0.58046275,0.5727306,0.5888121,0.42666364,0.753916,0.6122803,0.69655985,0.88391584,0.76070315,0.62072486,0.43547595,0.46462676,0.45328322,0.54094887,0.9557946,0.6836761,0.4994159,0.56156075,0.21750641,0.18833098,0.71293366,0.7878326,0.78645736,0.57450557,0.37076068,0.74642974,0.6834255,0.8193655,0.58891344,0.87762344,0.77120066,0.5660087,0.21568906
0.41564435,0.6247519,0.38358903,0.14091814,0.6563121,0.49396425,0.45323557,0.7844996,0.53696233,1.0,0.23695064,0.4582166,0.6990276,0.46792135,0.78306854,0.5512474,0.61047,0.34150317,0.5352488,0.59827876,0.2702376,0.21032012,0.65186983,0.49611282,0.60873485,0.95462847,0.7244312,0.31085864,0.614901,0.57659477,0.25628653,0.86405915,0.79548866,0.5614379,0.5822962,0.34258682,0.2456648,0.16607887,0.3719748,0.3980045,0.9232313,0.46268398,0.21598369,0.28878024,0.7882512,0.6281343,0.47405916,0.34437606,0.5840462,0.74252117,0.402855,0.18220776,0.56057763,0.74997056,0.30288875,0.55151945,0.49864227,0.3676787,0.48133865,0.26267815,0.5063952,0.28563857,0.6799981,0.3323769,0.7590451,0.27389386,0.38407582,0.41915867,0.51998276,0.32240036,0.6167004,0.55546707,0.44903666,0.8716109,0.80929226,0.7062362,0.6128273,0.0,0.34349415,0.15509075,0.2237311,0.9277503,0.7401205,0.13676053,0.42843136,0.1965782,0.23568442,0.66355455,0.69511944,0.85296065,0.23059383,0.31597883,0.52463406,0.529233,0.78074116,0.6773198,0.6134924,0.6339084,0.6910422,0.6440976
0.41363785,0.6575434,0.57277936,0.67690617,0.11291522,0.4509048,0.90254986,0.7069218,0.62496763,0.39024827,0.2867334,0.5433237,0.340285,0.0,0.0,0.8573886,0.5887559,0.46908754,0.90752995,0.7010125,0.4996584,0.7640175,0.44465703,0.45369017,0.37785313,0.54258084,0.4219927,0.744969,0.23377502,0.64731354,0.85065913,0.815086,0.36150128,0.53723073,0.7418572,0.6859996,0.027309716,0.8595039,0.79528755,0.8280498,0.4761394,0.457967,0.5396184,1.0,0.5180559,0.6063011,0.89213,0.27515513,0.28081948,0.86120534,0.4603184,0.76548815,0.771542,0.35004336,0.002460301,0.69660306,1.0,0.3706662,0.3429597,0.8706554,0.8479743,0.51176274,0.6726145,0.59681064,0.6940285,0.90630615,0.6513604,0.40083238,0.15173906,0.07578558,0.3092418,0.63610995,0.6513475,0.7219441,0.78059435,0.113214076,0.43390065,0.6225805,0.79039687,0.72321564,0.19558522,0.56844527,0.5432171,0.20128328,0.39430368,0.5203603,0.8058391,0.29251105,0.33605123,0.4278555,0.25925213,0.3152438,0.54438835,0.6887983,0.8924391,0.7069198,0.17373699,0.77812743,0.8224583,0.20570494
0.034350038,0.651452,0.93813896,0.5447948,0.56340104,0.46216816,0.62113523,0.15229803,1.0,0.5921108,0.3754601,0.7328898,0.9764062,0.9787012,0.76557225,0.8357402,0.5387146,0.2573101,0.1913265,0.66135645,0.36222458,0.3139567,0.7301498,0.49129993,0.69975245,0.8983238,0.68579656,0.25869128,0.64920986,0.83845156,0.41982836,0.45361686,0.7000668,1.0,0.5980317,0.40892336,0.1488511,0.3533968,0.46606138,0.29329473,0.9170304,0.08582309,0.3327936,0.41536552,0.0,0.16909555,0.817196,0.7807924,0.24632555,0.582155,0.2509433,0.31058174,0.04652202,0.69718724,0.6353357,0.75157976,0.9854342,0.4637745,0.8150512,0.70495796,0.7065372,0.34116465,0.35131788,0.015360653,0.31647,0.5964091,0.33021426,0.59222096,0.3797979,0.16894811,1.0,0.92468333,0.613006,0.7924502,0.7358309,0.620257,0.0,0.37311468,0.40057552,0.46035287,0.5308663,0.80785316,0.7800276,0.24785212,0.39566088,0.23673527,0.30304456,0.8128864,0.3690102,0.6040631,0.53934443,0.32682633,0.53675735,0.5039328,0.8492074,0.66260463,0.6944706,0.9429034,0.7898585,0.22195606
0.394447,0.68154764,0.6378891,0.4650943,0.5404905,0.52369505,0.5888033,0.65245456,0.7271507,0.73384005,0.3897622,0.48459727,0.7793343,0.7029828,0.7418155,0.7878723,0.66489786,0.49055058,0.64002275,0.71504885,0.5185677,0.5801857,0.5343861,0.54790586,0.45365918,0.8542814,0.4849761,0.2531327,0.4316913,0.55361915,0.6372784,0.7409761,0.5735295,0.6968362,0.49822634,0.48593563,0.27165785,0.49532455,0.5116917,0.54287225,0.6852109,0.32025895,0.509417,0.6347197,0.51030576,0.5884956,0.6946966,0.6670476,0.4100654,0.5728547,0.425609,0.23691726,0.70450747,0.49370235,0.26057872,0.5618521,0.82967484,0.5063022,0.4779614,0.84579074,0.8232472,0.7590313,0.5773336,0.3315016,0.6615516,0.70277053,0.37793535,0.37336668,0.5281526,0.36579484,0.6083139,0.7487442,0.56300807,0.6244023,0.80678385,0.6852617,0.395302,0.33689606,0.54091287,0.5017111,0.2755145,0.8694325,0.7669831,0.60939634,0.40862176,0.34974205,0.36065692,0.5313734,0.6815542,0.48672557,0.24174267,0.42191166,0.58624536,0.58796406,0.70073,0.4933059,0.4005345,0.83257115,0.7490679,0.4273705
0.114515275,0.69196445,0.19235793,0.2929098,0.6469416,0.37584254,0.99999994,0.5031288,0.86055595,0.92454726,0.16516858,0.0,0.77130747,0.5546254,0.94369555,0.9220932,0.42922541,0.018652499,0.30188078,1.0,0.43329406,0.59529066,0.823617,0.44439155,0.17837203,0.99169415,0.9215697,0.44556293,0.73662776,0.78973204,0.6311594,0.5979427,0.70939857,0.87190175,0.5989679,0.22827518,0.014408886,0.0,0.18739659,0.01587826,0.8082688,0.1263695,0.0,0.58140796,0.7360701,0.4946252,0.87739956,0.36744735,0.54867953,0.8580276,0.5132298,0.2666748,0.35160965,0.6113665,0.30410522,0.8509028,0.8103233,0.62161547,0.35565367,0.95558655,0.9742381,0.618078,0.386704,0.44214118,1.0,0.05779773,0.1818426,0.22941071,0.5960895,0.1805883,0.6258714,0.46640703,0.0,0.9426212,0.7688028,0.6717318,0.4440433,0.4206695,0.0,0.7274054,0.027798355,0.4653654,0.79269665,0.34847602,0.0,0.18930504,0.84326977,0.58577275,0.54609877,0.84193313,0.16883719,0.0,0.0,0.0,0.64525723,0.0,0.92607355,1.0,0.8051034,0.45618927
0.6788281,0.89035404,0.7239308,0.9202008,0.65251386,0.37699926,0.26178032,0.8107567,0.038394094,0.808328,0.8229366,0.66601515,0.86936605,0.82698447,0.8740575,0.00784266,0.5913431,0.9118578,0.68198633,0.18603292,0.51611793,0.19703591,0.7003163,0.18146831,0.5418,0.89484394,0.689968,0.2010166,0.81957483,0.6297058,0.57774806,0.8033742,0.5868477,0.5422329,0.51953256,0.84543437,0.89472616,0.70541996,0.7333356,0.6385565,0.68500996,0.59178376,0.5364089,0.38872588,0.65486073,0.70012313,0.13537249,0.22853106,0.5864612,0.57952654,0.5974375,0.43331087,0.9203478,0.8312401,0.6580943,0.75550836,0.19758683,0.48917598,0.69024545,0.15340495,0.5007657,0.7845032,0.99715674,0.7161771,0.73625845,0.42325747,0.55049086,0.9021163,0.49740756,0.65213513,0.82517326,0.25012177,0.8153903,0.8443076,0.63988495,0.73750556,0.8616183,0.112598956,0.6186044,0.7504111,0.672357,0.88334167,0.75829035,0.5602292,0.7736686,0.36997575,0.42390084,0.43156487,0.4962355,0.8768965,0.35537708,0.65519303,0.64922637,0.8108236,0.72214395,0.48654425,0.880183,0.21805617,0.7458845,0.8418471
0.67546356,0.34179553,0.5671133,0.5907463,0.7091426,0.47519982,0.72224367,0.69251055,0.7484304,0.77657974,0.6231049,0.70591575,0.6710434,0.7271302,0.603349,0.837364,0.81728864,0.55025315,0.7538155,0.67177194,0.2661094,0.43299335,0.43829545,0.8805674,0.9212807,0.92920136,0.47365236,0.34997672,0.6689029,0.3585845,0.4012257,0.63383454,0.49683315,0.5973941,0.3685884,0.37821436,0.34080416,0.56856847,0.5971602,0.411368,0.38447526,0.31769598,0.41770506,0.5335381,0.8626858,0.40704077,0.45200124,0.9206754,0.30775955,0.38640463,0.524318,0.20510173,0.5781704,0.7871471,0.6176518,0.75804853,0.8005308,0.5148468,0.83262205,0.8291459,0.6460798,0.6814785,0.17343754,0.2882792,0.68564475,0.69457424,0.22198036,0.50693107,0.50785875,0.51885206,0.5106307,0.8986518,0.6063495,0.4766968,0.95626646,0.8281637,0.6948848,0.32888564,0.47293085,0.39158458,0.4428182,0.8840121,0.72918195,0.5939528,0.46728027,0.17205968,0.2019409,0.46973404,0.812678,0.58273333,0.48312682,0.39240032,0.72620296,0.5724353,0.7746454,0.70302105,0.5364871,0.6545519,0.3192143,0.35603207
0.58333135,0.31551814,0.4346696,0.56641495,0.7881,0.26056287,0.74309546,0.74583656,0.75978506,0.8846483,0.6428393,0.6244966,0.82990354,0.8584758,0.74584496,0.77163225,0.7017629,0.36014277,0.7490735,0.8094623,0.3445065,0.20707235,0.56240684,0.91886926,0.87467533,0.9825424,0.7113814,0.44075528,0.75423384,0.5630645,0.27230877,0.77340215,0.7958165,0.5186985,0.48344752,0.53107786,0.38891497,0.5166301,0.75773954,0.26474127,0.6038817,0.25834325,0.2991961,0.6226373,0.83507323,0.42713416,0.40143296,0.90413725,0.4091714,0.5860052,0.54921114,0.16647571,0.66681945,0.7759867,0.5661421,0.7051536,0.8519687,0.5371312,0.7074099,0.86418366,0.5902977,0.6477618,0.5104059,0.33603036,0.86229146,0.62845236,0.16561452,0.48398006,0.5792222,0.58031225,0.4370258,0.898738,0.6797646,0.6424136,0.92618877,0.8103761,0.62191635,0.40042478,0.4582811,0.27274224,0.49120972,0.99769723,0.73573494,0.46529981,0.53166974,0.1679618,0.10242787,0.7566259,0.8199792,0.76856667,0.6078932,0.381667,0.7925908,0.62480366,0.845397,0.68391997,0.84245557,0.8224696,0.52113944,0.155869
0.42453653,0.6920235,0.63205624,0.44848943,0.6540993,0.5215301,0.42333218,0.6716481,0.6968869,0.7358913,0.55095214,0.55300826,0.9644779,0.8621052,0.8911062,0.68712085,0.59620434,0.65369207,0.7036816,0.63998884,0.70606315,0.3793815,0.5715608,0.5715879,0.43085998,0.93261635,0.5794641,0.16695648,0.4877387,0.6541011,0.60102046,0.765067,0.65556663,0.6816143,0.45568374,0.6563518,0.41561323,0.5484189,0.6541166,0.4707362,0.7862245,0.3595228,0.5181404,0.5637207,0.45404813,0.7020876,0.5576979,0.7943798,0.45767078,0.5025848,0.42389384,0.27069527,0.90210944,0.43145132,0.30956155,0.52676743,0.79329085,0.5583672,0.50913584,0.85869116,0.8249593,0.8543208,0.7621929,0.36700827,0.61784154,0.84911585,0.46205908,0.38115394,0.6152241,0.54368794,0.69767034,0.8487347,0.7173048,0.6569364,0.71928906,0.80339605,0.36899605,0.32320958,0.5835992,0.3568812,0.38938355,0.8423572,0.8970082,0.7318742,0.59275925,0.39161626,0.14043415,0.59026486,0.68935764,0.4865141,0.24228525,0.48068005,0.6686442,0.82332623,0.69664556,0.50011355,0.51281,0.8436675,0.81590235,0.4254564
0.25948468,0.7116687,0.7149648,0.6463667,0.5569366,0.31871897,0.6637301,0.571764,0.8178107,0.72594583,0.49825925,0.123327315,0.8531198,0.72173274,1.0,0.7458452,0.509202,0.5989356,0.5695121,0.7354142,0.7399295,0.58796877,0.56448096,0.45366532,0.063800395,0.95573366,0.72196716,0.1478622,0.52709186,0.6839701,0.7921325,0.6694253,0.62023926,0.830094,0.46168426,0.4065182,0.42134613,0.4804151,0.5393946,0.40701705,0.75718856,0.1993101,0.4985907,0.74763554,0.40965566,0.5777933,0.8354037,0.6503344,0.40378386,0.55961335,0.52379006,0.44273135,0.8028811,0.46085256,0.3857539,0.7879185,0.8229951,0.6951849,0.48998886,0.9957824,0.98942995,0.87447673,0.59669983,0.48885033,0.74540526,0.66691583,0.54505646,0.4331781,0.53440326,0.58544266,0.8839622,0.6282376,0.4487279,0.6663668,0.5830163,0.72643197,0.32499728,0.57211703,0.4575459,0.7847335,0.14944485,0.66848445,0.83507437,0.8523225,0.38096672,0.50282145,0.6576103,0.47431308,0.5511725,0.67766404,0.3552423,0.49704337,0.32997978,0.3358976,0.63377035,0.103089035,0.5920414,0.8635277,0.79790205,0.4211545
0.29912242,0.68382204,0.6353471,0.6438165,0.6401537,0.4552334,0.57572764,0.5691477,0.8038388,0.7553067,0.54362285,0.4565103,0.74775517,0.74340516,0.7786952,0.7945248,0.51749086,0.51615757,0.73226565,0.7143717,0.7301532,0.51297545,0.37224445,0.5887088,0.37573594,0.9081334,0.615098,0.2081655,0.39942056,0.58723986,0.730454,0.722135,0.5185422,0.6620816,0.44468257,0.5945246,0.36639696,0.6039093,0.66567737,0.56075126,0.617139,0.3212219,0.5338842,0.6806871,0.39335176,0.5770193,0.76654875,0.73550063,0.3231037,0.4757719,0.53659153,0.389867,0.77078617,0.411699,0.3009762,0.55417615,0.8540772,0.51977426,0.45315737,0.96055776,0.84413016,0.759602,0.6710874,0.45504212,0.5432753,0.8601437,0.6135193,0.50381255,0.528145,0.5096285,0.6918551,0.7106182,0.6140785,0.590303,0.7401439,0.71255726,0.27601603,0.4417709,0.64631945,0.58150584,0.35241875,0.8496731,0.7563312,0.6820306,0.5791626,0.44504908,0.24897894,0.48076782,0.6439189,0.5725366,0.28023222,0.49279004,0.6303124,0.7182049,0.6942053,0.47137132,0.44811907,0.84578896,0.701899,0.3129385
0.7025282,0.7991984,1.0,0.71935,0.07644355,0.98181474,0.6379516,0.8164364,0.57436866,0.3304011,0.4684953,0.6420265,0.5137476,0.47417197,0.50318444,0.7700128,0.80488485,0.9796591,0.65475494,0.31533837,0.47889102,1.0,0.49916768,0.38056907,0.6700156,0.62068605,0.0,0.31980973,0.34297043,0.30795902,1.0,0.47443044,0.04820782,0.82288516,0.44145286,0.5392718,0.43458903,0.9671359,0.5719844,1.0,0.29990116,0.60238963,0.99999994,0.753451,0.36664706,0.7106743,0.7685617,0.6303021,0.10334134,0.30595443,0.13452232,0.41842157,0.90602076,0.5140574,0.46207535,0.7203745,0.8670039,0.6981765,0.7777567,0.89234823,0.8526586,0.7841972,0.38457704,0.36910477,0.50408494,0.93860865,0.46114644,0.34073085,0.35519668,0.37092525,0.54738927,0.8703739,0.72256446,0.31655148,0.802777,0.47144863,0.5897618,0.29756942,0.8506615,0.84150434,0.4045143,0.5081752,0.56577593,0.8522469,0.4472149,0.37765366,0.7051548,0.0,0.5955739,0.047829747,0.23322737,0.68635553,0.60349816,0.6825903,0.59113073,0.5677138,0.0,0.5754066,0.7249805,0.6442537
0.48741204,0.66474617,0.6272056,0.39411896,0.5329008,1.0,0.7254813,0.37960362,0.7266632,0.69780695,0.5026396,0.52329826,0.85548365,0.7959954,0.63919675,0.89234847,0.6773307,0.43405575,0.18716103,0.4611776,0.56171423,0.3261953,0.6707873,0.582956,0.77776176,0.79923505,0.6973679,0.27774632,0.92775184,0.4128143,0.67565113,0.31595013,0.34590656,0.9526861,0.5052153,0.38669536,0.119399846,0.5711128,0.3938221,0.30035737,0.5024398,0.29346997,0.44113958,0.43819806,0.6487822,0.45563477,0.6461149,0.79641074,0.15896837,0.23106968,0.18599552,0.3175648,0.3286657,0.77669185,0.6429492,0.6983229,0.8455544,0.40632182,0.8943126,0.5990332,0.7034284,0.49171263,0.24210468,0.07550955,0.616597,0.50369453,0.20945412,0.4174751,0.38321996,0.045733035,0.67624307,0.85056233,0.38973048,0.5596769,0.8965404,0.75657576,0.53982806,0.13085338,0.47021264,0.5145273,0.53002113,0.56373596,0.60044336,0.5195385,0.526563,0.0,0.27314967,0.3870945,0.7645825,0.6495682,0.5789941,0.016802311,0.23453185,0.329631,0.8433254,0.53648263,0.51544744,0.7570286,0.4597427,0.7685028
0.68424493,0.30738884,0.72260225,0.9386498,0.7021839,0.54662436,0.7277604,0.9150622,0.6350024,0.78410584,0.82159156,0.6836729,0.47226122,0.6687272,0.8367458,0.68371415,0.6687565,0.8013331,0.82121605,0.33144456,0.5256886,0.60296243,0.2371695,0.6788107,0.917765,1.0,0.5182023,0.18727502,0.84380966,0.08742845,0.64946634,0.34181187,0.2097429,0.60799396,0.02195093,0.3547422,0.6965136,0.77318937,0.6344244,0.6405941,0.07851642,0.5894752,0.62287027,0.5566827,0.8692487,0.5386996,0.48510015,0.77893317,0.04667574,0.030509979,0.6654785,0.52502954,0.72627264,0.84761715,0.8384695,0.8957486,0.4722314,0.5757906,0.97833824,0.7149013,0.5178834,0.690193,0.21746334,0.5546148,0.43505275,0.74041903,0.6005787,0.792828,0.53871775,0.95376945,0.76147145,0.63719094,0.55214906,0.19519436,0.91720754,0.9813149,0.806749,0.27576113,0.6285286,0.73310274,0.59812456,0.7909115,0.6486339,0.8392582,0.71764135,0.2784291,0.46898273,0.09360042,0.6935695,0.7699987,0.6421805,0.61388236,0.6271239,0.5962944,0.64795804,0.7064357,0.52679026,0.27997598,0.086474,0.58188206
0.72614163,0.6874899,0.73380154,0.85244614,0.6334021,0.35521314,0.2488845,0.8406886,0.08109456,0.89021826,0.78606325,0.718446,0.77099764,0.6907327,0.81685793,0.08080214,0.700439,0.89126027,0.71233577,0.11721876,0.37026328,0.28391236,0.67851806,0.23567206,0.68043697,0.89803916,0.6773968,0.1665583,0.9494729,0.42469585,0.50328034,0.7423249,0.48194942,0.5408966,0.37999627,0.5861842,0.8234601,0.64768726,0.59526986,0.6401173,0.5882222,0.59107524,0.48355523,0.2873574,0.8258285,0.67781574,0.15332127,0.2155444,0.4768374,0.43791822,0.6126695,0.4650136,0.7938557,0.94741803,0.7281054,0.8324653,0.0,0.39561173,0.80046755,0.0,0.29875356,0.67263067,0.7517772,0.63156945,0.6192115,0.36538628,0.5573698,0.9055436,0.45946407,0.61588603,0.81331646,0.30641404,0.735714,0.7005874,0.6998947,0.8104689,0.9482091,0.07743889,0.5601295,0.70224553,0.6436631,0.8413619,0.72698045,0.4708845,0.73858273,0.32373494,0.563654,0.3257798,0.584072,0.93261206,0.4847486,0.6003946,0.5473456,0.6963153,0.76353574,0.6644393,0.77347654,0.06701708,0.5979021,0.94897145
0.3769418,0.52728933,0.49075818,0.79817337,0.8324361,0.25581545,0.84336096,0.06256813,0.8673327,0.8754182,0.70187867,0.6071461,0.82285935,0.8736303,0.54881835,0.87988794,0.73736805,0.24191204,0.5215708,0.9132434,0.20463073,0.39549443,0.4273934,0.9043778,0.8488954,0.93858916,0.7053672,0.46518818,0.7810939,0.68758965,0.37854752,0.61113566,0.60873693,0.73296833,0.6546976,0.37839758,0.29973072,0.4196417,0.6780123,0.13157275,0.4943309,0.039556146,0.19311997,0.526507,0.5941532,0.040557027,0.70821106,0.8215445,0.29439366,0.59865946,0.6273792,0.22488505,0.049057007,0.8429857,0.84529614,0.7906857,0.9380516,0.3790562,0.8392186,0.84818673,0.69879484,0.6094053,0.04530108,0.24835187,0.6383726,0.24512175,0.18848303,0.768097,0.46317264,0.26045775,0.70396394,0.7055308,0.45674932,0.7419129,0.8766664,0.84637225,0.44468248,0.4974359,0.35385373,0.65362906,0.5032222,0.86553264,0.6292774,0.36077607,0.35533023,0.07406348,0.16149828,0.69091666,0.7109116,0.73109066,0.38648307,0.11157131,0.5899309,0.30744034,0.80569047,0.50560135,0.8428819,0.7624304,0.36565155,0.11235804
0.29733637,0.7183329,0.7284172,0.44862714,0.44695807,0.38263887,0.43581766,0.5971854,0.7284383,0.8140604,0.36951134,0.4092664,0.96239483,0.73503006,0.78889924,0.7100338,0.64453185,0.43615544,0.6510527,0.789219,0.57766813,0.4364156,0.68559146,0.59150624,0.47331566,0.8623626,0.6034917,0.2678037,0.48571452,0.6802015,0.53980356,0.9012346,0.68747526,0.6781476,0.6491727,0.55491054,0.4213196,0.46648163,0.5883409,0.44637287,0.9163306,0.2679663,0.46404636,0.5816112,0.42937648,0.6035582,0.70740426,0.5401779,0.36324888,0.7239284,0.29857457,0.30668962,0.843795,0.5236539,0.34906512,0.49146557,0.7515299,0.5214522,0.4644627,0.60101336,0.5816862,0.5198231,0.8215126,0.26608807,0.5999234,0.52331567,0.4533705,0.36028063,0.49288294,0.17830616,0.6111794,0.85238975,0.7851673,0.7603013,0.73468196,0.6603373,0.34099334,0.36526382,0.6045169,0.33852184,0.3061727,0.8590419,0.7545027,0.42408365,0.45756266,0.30674648,0.30479363,0.65326905,0.6137632,0.51622224,0.32431772,0.40417504,0.6185461,0.62003237,0.814843,0.5465916,0.48109862,0.93022346,0.939384,0.3369
0.6629735,0.30533,0.74101424,0.995015,0.6954422,0.5425558,0.7499884,0.92869043,0.6641594,0.75531644,0.86103743,0.67242384,0.4509882,0.69834125,0.85386634,0.6956685,0.64047694,0.8192303,0.837974,0.33833212,0.5852693,0.6572115,0.19327912,0.66644394,0.89052427,0.9906409,0.50418216,0.1947135,0.8113094,0.07348651,0.7024913,0.308183,0.16873169,0.61325514,0.0013033748,0.37926453,0.73154956,0.8120827,0.66179967,0.66155475,0.03418365,0.60716206,0.65766025,0.60431385,0.8419857,0.5467572,0.5158988,0.7961086,0.009922206,0.0019242764,0.69538146,0.57155186,0.7646893,0.81444526,0.8522255,0.8997981,0.5044495,0.61183894,0.97863126,0.7886578,0.5516538,0.720343,0.22333798,0.5909666,0.4000773,0.7860038,0.6409691,0.8097126,0.5542436,0.9996191,0.769065,0.6413583,0.5564438,0.1596691,0.91145784,0.9722052,0.78237563,0.32710502,0.6696063,0.79428375,0.6171493,0.78268355,0.62884235,0.90497065,0.740443,0.31194663,0.5004441,0.058316737,0.6656251,0.7472775,0.65218586,0.6707595,0.6422226,0.619714,0.60645455,0.67838496,0.5170138,0.28989103,0.083634496,0.5489779
0.65251255,0.316059,0.7804653,0.99999994,0.6809799,0.49149853,0.6948603,0.8696805,0.68575853,0.7186162,0.8696815,0.7219234,0.46105114,0.6844831,0.80666965,0.68491507,0.6614853,0.84105265,0.8630222,0.3622923,0.524654,0.6858656,0.1789799,0.6679721,0.87409407,0.96729237,0.43701383,0.19235367,0.7366335,0.08624521,0.69128287,0.33501163,0.14834645,0.6330072,0.027536929,0.35299474,0.7268314,0.78162503,0.62498844,0.66279984,0.059142888,0.58217853,0.6512074,0.58241045,0.7968712,0.49956813,0.52971447,0.7737431,0.00852485,0.00951612,0.69505095,0.57312995,0.7146523,0.8085802,0.8787604,0.9078784,0.51746637,0.61203563,1.0,0.76304924,0.5649233,0.73476774,0.15240443,0.55520725,0.32404274,0.78310364,0.63487065,0.81708723,0.53950155,0.9309997,0.79348874,0.65677935,0.5930122,0.19584572,0.8901484,0.9593226,0.763543,0.3514546,0.66585743,0.79895747,0.59956044,0.7890571,0.66173273,0.9162998,0.6980122,0.325503,0.52134913,0.052722335,0.63018465,0.6832813,0.5995721,0.7012298,0.6615517,0.62009835,0.5915113,0.68600804,0.45195934,0.27903026,0.089273214,0.5372932
0.3582117,0.5372847,0.5037489,0.82033336,0.82698023,0.23230886,0.8380655,0.0084347725,0.8830604,0.8813022,0.711018,0.5997674,0.83106357,0.8666816,0.5341563,0.88901734,0.74593925,0.23664114,0.5181127,0.93353724,0.19053468,0.41289538,0.4179545,0.91560113,0.84351075,0.9344632,0.7023111,0.46951148,0.77580667,0.6991449,0.37657595,0.61642987,0.5978356,0.74572444,0.6761043,0.356476,0.30645525,0.41122207,0.6795853,0.11929828,0.4984835,0.016934931,0.1827212,0.5205907,0.57318455,0.009163797,0.7403174,0.80845124,0.2771173,0.6084451,0.62983346,0.23213032,0.01618874,0.8473766,0.87850326,0.79494345,0.93640083,0.37400267,0.8506182,0.8393466,0.6934168,0.600516,0.011002064,0.23798528,0.6159228,0.20889407,0.19649604,0.7870949,0.4531653,0.22650415,0.7245716,0.7000483,0.45647243,0.7530759,0.8667588,0.8507341,0.43036884,0.5201424,0.35202345,0.6722514,0.49743408,0.8564725,0.62513614,0.35193217,0.33731088,0.068301976,0.1725964,0.6906352,0.7023649,0.7234022,0.3710268,0.10487181,0.5794027,0.28032136,0.8028587,0.49456757,0.8358471,0.7618639,0.36393395,0.09627419
0.7813767,0.5651925,0.56770146,0.83754337,0.7800965,0.16245121,0.013045788,0.664186,0.10143286,0.85486656,0.94409204,0.8392934,0.8884132,0.8147883,0.5746001,0.11614996,0.7810875,0.83752495,0.7362473,0.16906899,0.46773636,0.08913267,0.74320817,0.20362055,0.40130034,0.83765996,0.7696694,0.17047322,0.87001956,0.5655082,0.43199843,0.9481389,0.6292571,0.57460386,0.51883096,0.6547948,0.54085374,0.65992045,0.64492285,0.5669616,0.7318853,0.4751852,0.33425215,0.3835579,0.87032765,0.66918117,0.0036435127,0.38571042,0.7124278,0.39710125,0.7193137,0.4868261,0.6424679,0.7666872,0.5098209,0.7804017,0.17509162,0.2242251,0.68230724,0.0871945,0.42534375,0.92863554,0.6339257,0.60984033,0.7171242,0.7184601,0.3904606,0.79888517,0.40235734,0.47789773,0.71265835,0.4452183,0.69389206,0.83698714,0.55922854,0.71873736,0.8477143,0.22273538,0.5031513,0.5792639,0.6570001,0.92804945,0.78915066,0.48117492,0.71657413,0.4766103,0.57052195,0.51876396,0.7275717,0.8917824,0.5988641,0.5906519,0.53931785,0.83518624,0.8494539,0.6189604,0.627319,0.12888983,0.7276888,0.97062063
0.69244254,0.36815363,0.5405551,0.6253327,0.7320894,0.6783458,0.8222619,0.81549966,0.7057053,0.79024243,0.6019511,0.6749616,0.43803564,0.5972723,0.6988376,0.8435333,0.7185268,0.6385853,0.6828352,0.45299327,0.31238377,0.5618375,0.23180813,0.7152215,0.90359455,0.9445202,0.44384396,0.23908061,0.6918873,0.15153259,0.58204645,0.40062034,0.31091183,0.6231499,0.14594772,0.26909867,0.35133246,0.6004543,0.49809474,0.5887108,0.16065753,0.4963786,0.5371226,0.5197674,0.89753693,0.4925295,0.5297809,0.85195845,0.20109248,0.15092126,0.59025717,0.28604645,0.5345089,0.8044327,0.5888447,0.80387974,0.6791606,0.48042738,0.8478048,0.83493835,0.72050446,0.68369424,0.07138246,0.40852225,0.5873283,0.74329895,0.3762777,0.5947692,0.52286494,0.7530384,0.62528306,0.6727475,0.3889227,0.28075278,1.0,0.9003903,0.7540577,0.17716253,0.49540812,0.5804543,0.4275633,0.8407172,0.6581009,0.7192754,0.544842,0.2116561,0.31678486,0.21329716,0.8216943,0.6792819,0.43718457,0.4030728,0.5999797,0.49651638,0.66351104,0.688315,0.42939988,0.44335866,0.09947133,0.57577515
0.6902677,0.2987224,0.70288926,0.89515936,0.72575146,0.587789,0.77884305,0.8870279,0.6850786,0.7698391,0.81954855,0.6748946,0.46660966,0.7014553,0.81528026,0.74342096,0.6721786,0.77689636,0.79790854,0.37860647,0.5140436,0.60770285,0.21115786,0.7226886,0.92553174,0.9927777,0.4995822,0.20225033,0.80581075,0.0926182,0.6487738,0.3290531,0.21822175,0.6170275,0.033089757,0.35362354,0.6431565,0.7764194,0.6445171,0.6100462,0.058793157,0.55064535,0.62355214,0.5777418,0.8705085,0.5098329,0.5014516,0.85871214,0.0538857,0.027164161,0.67437214,0.48698434,0.7045858,0.8262867,0.8093174,0.88626504,0.56861055,0.58087707,0.9751096,0.81896544,0.5933683,0.72523195,0.18028885,0.5317395,0.4654873,0.7853129,0.5526233,0.76160634,0.552629,0.94849586,0.7322803,0.68875605,0.5349443,0.18087831,0.94269824,0.9762906,0.7838602,0.2899813,0.61443543,0.7265655,0.5761783,0.8047518,0.6409652,0.8675016,0.70291954,0.2725919,0.404316,0.11004439,0.7217063,0.7293615,0.6169723,0.5897058,0.6464734,0.5864529,0.6367732,0.6827194,0.5102315,0.34089386,0.060999095,0.53659296
0.35575545,0.53641564,0.51473534,0.8226571,0.82471126,0.23901637,0.83652556,0.0,0.88401556,0.87566733,0.7076217,0.6093759,0.83165747,0.8712553,0.5335289,0.88761747,0.7468921,0.23858395,0.5050498,0.92087215,0.18172795,0.40777254,0.42049468,0.90623367,0.8503567,0.93331873,0.70138633,0.46608198,0.7814387,0.69914514,0.3733066,0.6040781,0.59536695,0.75629354,0.6727612,0.3494524,0.30282766,0.4112776,0.67431974,0.11987609,0.49906495,0.014476538,0.18366873,0.5122394,0.5627265,0.0,0.73949283,0.8091065,0.2726411,0.6024883,0.6234518,0.23451376,0.0,0.8571678,0.88757646,0.8029941,0.93467796,0.3713323,0.863728,0.8294378,0.6904452,0.59126353,0.0,0.2300142,0.6058457,0.20877874,0.19504756,0.79402965,0.44750023,0.22368544,0.7368067,0.7018706,0.45583338,0.7507939,0.8661549,0.84954464,0.42685896,0.5154946,0.34923205,0.6739228,0.5029259,0.8540441,0.6236876,0.346039,0.33603084,0.06616771,0.17639562,0.6914958,0.6944693,0.72575194,0.37896755,0.10466677,0.57677597,0.27567977,0.80398685,0.501482,0.8364116,0.755367,0.35765463,0.10248971
1.0,0.93726087,0.7829669,0.9986818,0.21836916,0.51259005,0.492554,0.7429751,0.0,0.44783053,0.7844173,0.8600508,0.6916887,0.6334815,0.24632037,0.19459629,0.94311965,0.92671084,0.786316,0.32071987,0.085659206,0.6451434,0.84472543,0.29957438,0.82623893,0.53094923,0.16396528,0.6464287,0.61056685,0.6331482,0.7074988,0.8901288,0.3726126,0.5476244,0.8804035,0.9585515,0.72052896,1.0,0.835886,0.8396839,0.4438161,0.5535749,0.7501079,0.6948838,0.6494714,0.57815087,0.21412873,0.2695689,0.5476728,0.8122996,0.37191853,0.2665397,0.83797115,0.8201803,0.5886164,0.8191154,0.58084035,0.53010595,0.7777705,0.449433,0.63542295,0.96802366,0.6892874,0.59804076,0.9180363,0.47148678,0.117014766,0.6690968,0.33551478,0.21626842,0.32008672,0.4777913,0.9269371,0.82178426,0.76994175,0.34765288,1.0,0.28927767,0.7544696,0.9690137,0.64451545,0.72343373,0.5176306,0.4737593,0.46330148,0.26661813,0.69009745,0.3461226,0.5985126,0.3067199,0.23340866,0.6248669,0.7870925,0.79186076,0.7616855,0.58489054,0.58529353,0.2995086,0.9691025,0.6867962
0.7823791,0.5525693,0.56166506,0.8346179,0.78282654,0.15309872,0.0,0.6626137,0.10380137,0.85553217,0.9474765,0.8438164,0.88536155,0.80981153,0.56333894,0.118080676,0.78531224,0.8345914,0.73807275,0.16658151,0.47140077,0.085059166,0.7440388,0.19982499,0.38904738,0.8351214,0.77379835,0.16987959,0.8678489,0.5632628,0.4264117,0.954773,0.6308972,0.5762874,0.5201303,0.647807,0.5273838,0.6576851,0.64214015,0.5680353,0.7367028,0.47572905,0.3264647,0.38512224,0.87712854,0.67076683,0.00014394522,0.38624167,0.7174974,0.39016944,0.72369736,0.493938,0.6332866,0.7613128,0.503135,0.7799365,0.17471558,0.2151897,0.6795234,0.081483066,0.42253327,0.9299759,0.622399,0.6087388,0.71578145,0.7320168,0.38942057,0.79423994,0.3971346,0.47339198,0.7106294,0.4500462,0.68744063,0.83944523,0.55230033,0.71447855,0.84560615,0.22689608,0.50069964,0.5716547,0.6549908,0.9303321,0.7894785,0.47788674,0.7147852,0.48370874,0.5811713,0.52098733,0.7324689,0.8946531,0.6097713,0.5946092,0.53486955,0.83790016,0.85242724,0.62354666,0.61285716,0.12438211,0.730163,0.9774146
0.5308222,0.41051877,0.5512481,0.53009987,0.7324276,0.34627494,0.67902344,0.7825642,0.66495675,0.8638611,0.59755933,0.6513875,0.82274467,0.76349527,0.77012116,0.7059865,0.7194096,0.4390481,0.65114665,0.66061276,0.4119649,0.33526894,0.62697387,0.7801985,0.8156908,0.92465997,0.667436,0.34725675,0.7431023,0.4950254,0.3140205,0.7345329,0.6631859,0.52182955,0.4596394,0.48803797,0.41208443,0.50755936,0.64563686,0.36791146,0.61579937,0.31332493,0.33718285,0.4841897,0.7604434,0.52943236,0.42225534,0.7899361,0.41131023,0.55136204,0.5251148,0.2187168,0.67475647,0.7682779,0.55994296,0.64206,0.6504683,0.54783267,0.69432676,0.72065616,0.55807745,0.60520035,0.5489273,0.31295618,0.77671903,0.59574395,0.2727024,0.51600754,0.5500133,0.5564544,0.5114829,0.81992054,0.67772514,0.584379,0.8984848,0.76612616,0.62725985,0.31727737,0.45995992,0.32921347,0.4745259,0.9122466,0.7261782,0.47162724,0.5347824,0.1922443,0.18339935,0.67053294,0.75416243,0.738816,0.56112355,0.39513877,0.7013282,0.65634084,0.78921884,0.7034106,0.77386916,0.72443706,0.5977102,0.3448746
0.78233105,0.55568445,0.5619944,0.832391,0.7833487,0.15829761,0.0066179633,0.661223,0.10390049,0.85532486,0.9453228,0.8431497,0.8870193,0.8132089,0.5656381,0.11862317,0.7844902,0.83301276,0.7346339,0.16851074,0.46770328,0.08369833,0.7453499,0.20367616,0.39680517,0.836631,0.7736554,0.17180109,0.8705434,0.5653917,0.42559016,0.9524045,0.63266057,0.5756191,0.5215268,0.65036553,0.5289931,0.6572349,0.64298856,0.5644026,0.7358521,0.47396904,0.32732517,0.38373214,0.87574923,0.6678425,0.0,0.38887945,0.71682656,0.39389837,0.7212639,0.48889774,0.6325113,0.76470613,0.50613356,0.7801369,0.1778971,0.21726468,0.68168277,0.08430064,0.42352307,0.9273895,0.62512654,0.6064071,0.7188815,0.7264732,0.3860811,0.7953578,0.3986132,0.47310933,0.70953095,0.450822,0.6887525,0.83986014,0.5560584,0.7156176,0.8461634,0.22410089,0.4999044,0.57151926,0.65664655,0.9297776,0.7887212,0.47519973,0.7148416,0.47873676,0.5730348,0.523221,0.7320972,0.8940109,0.6069834,0.5898546,0.5365741,0.8366167,0.8534913,0.623144,0.62049645,0.12828255,0.72859,0.9734518
0.0941084,0.65946233,0.6939497,0.5236907,0.5418917,0.13813794,0.655752,0.62665665,0.82309586,0.9123568,0.38299415,0.45676142,0.7391791,0.44469738,0.6828113,0.81451,0.58165777,0.27191842,0.5298981,0.76387835,0.6177125,0.62743986,0.3655296,0.6437874,0.45247394,0.6722118,0.6077104,0.29516053,0.27281672,0.43891603,0.47858137,0.92534834,0.43284428,0.3998837,0.71303326,0.40198502,0.4244942,0.44296968,0.54258746,0.63163835,0.80273867,0.21960717,0.4404303,0.44791156,0.32851487,0.6293894,0.8652743,0.45229822,0.25840724,0.75990623,0.44308126,0.4523019,0.78495395,0.5698672,0.417909,0.2767498,0.5022815,0.58253884,0.34804595,0.5734592,0.47208226,0.16945297,0.81763273,0.2655177,0.35355842,0.44656923,0.75298154,0.52142835,0.39383227,0.31456572,0.5028546,0.6673314,0.7871498,0.5039554,0.7955912,0.44473812,0.33307448,0.49810886,0.7269715,0.44180682,0.24818513,0.847366,0.5395616,0.33856416,0.5173718,0.34540826,0.30230004,0.6529388,0.5744556,0.66180456,0.40251294,0.48599064,0.6455951,0.62092775,0.65627074,0.7186785,0.4866938,0.89887774,0.85651493,0.23522434
0.5428019,1.0,0.46431494,0.98232985,0.7292468,0.28602436,0.41038778,0.6978649,0.07922113,0.84655994,0.7892054,0.6661628,0.6739398,0.7747727,0.7382846,0.10780662,0.41142488,0.7088035,0.69338894,0.25959077,0.45298183,0.25739157,0.44112694,0.062561035,0.45933583,0.80312514,0.72964156,0.31265786,0.6796856,0.6697534,0.78037447,0.7651055,0.50795335,0.48528725,0.5779224,0.9783311,0.77346647,0.673821,0.66910005,0.7006736,0.5307435,0.60311556,0.48286211,0.42754942,0.62814194,0.6773697,0.24759924,0.08913177,0.6221991,0.65429217,0.74672115,0.4845677,0.7621322,0.74594,0.42357105,0.7368884,0.27118883,0.3485785,0.45867854,0.29082078,0.63906497,0.77592736,0.9806073,0.8359049,0.5523231,0.40312403,0.642863,0.9416108,0.49709648,0.6529643,0.72141325,0.0,0.62955916,0.90374887,0.6787741,0.63640374,0.76399237,0.12919724,0.64931846,1.0,0.64806056,0.899824,0.6589185,0.49062216,0.7701525,0.4565739,0.5331571,0.36536,0.5038508,0.9004749,0.13445711,0.52630866,0.6242812,0.79701644,0.68105096,0.45376372,0.8877642,0.2383444,0.71456015,0.79384524
0.66467094,0.30528975,0.7404946,0.9950213,0.6940345,0.5434638,0.7485516,0.928189,0.6641182,0.7549509,0.8590103,0.67166954,0.45014688,0.6976809,0.85384345,0.6954744,0.64061445,0.82062256,0.84177184,0.3392158,0.5842698,0.6565846,0.1929326,0.66676944,0.89139116,0.993651,0.50362355,0.1946623,0.81213033,0.07523683,0.70391476,0.30845454,0.17054257,0.6152247,0.0,0.37989417,0.73062646,0.8116597,0.6630125,0.6614815,0.034278303,0.6083762,0.6586212,0.6056168,0.8427774,0.54599005,0.5164056,0.7951252,0.009637803,0.0017641187,0.6941466,0.57160604,0.76450735,0.8133585,0.850816,0.90286803,0.506275,0.60987,0.97888285,0.7884646,0.55075085,0.72137403,0.22173643,0.59210575,0.39974564,0.7864187,0.64111954,0.80844676,0.5545266,0.99999994,0.770894,0.6422152,0.5553903,0.16211355,0.91037136,0.9749259,0.78202534,0.32591307,0.66897255,0.79278946,0.61634296,0.7825874,0.6305953,0.9040726,0.74010676,0.3121062,0.50114024,0.056482404,0.66535234,0.7468619,0.6497904,0.670191,0.6425871,0.6190634,0.60850656,0.6785969,0.5150943,0.289226,0.08310902,0.54821634
0.19612932,0.7013131,0.7558389,0.6642896,0.56417686,0.29150936,0.40538934,0.5325508,0.8075174,0.6310111,0.5635091,0.54235494,0.91615796,0.7810459,0.8918339,0.6602204,0.5005072,0.54548264,0.68589157,0.7374953,0.7149004,0.60445416,0.5556117,0.40910864,0.22324914,0.8888272,0.55801255,0.1996054,0.39036986,0.6879452,0.6767793,0.68502796,0.5718398,0.83220005,0.46688488,0.53980315,0.45943063,0.4232655,0.5358081,0.47842452,0.79129684,0.3145734,0.45605075,0.7030641,0.25893727,0.53715754,0.77819765,0.57180035,0.34181097,0.50899327,0.5193442,0.4763969,0.66402775,0.4227193,0.47963357,0.65103066,0.7951617,0.6053143,0.54290587,0.8408914,0.86451536,0.86966324,0.61000204,0.39571926,0.35682097,0.72350574,0.5528321,0.5234451,0.59091896,0.42949766,0.8924375,0.67155826,0.6287215,0.7332643,0.6103577,0.7505353,0.23226213,0.538062,0.5396686,0.6219024,0.37452808,0.8380204,0.89596224,0.77993864,0.44840863,0.48835275,0.57799363,0.5268141,0.42517444,0.5338422,0.2799455,0.6722241,0.54875493,0.63924706,0.58545685,0.40192363,0.47146365,0.7583731,0.8698341,0.39803588
0.2867563,0.68401146,0.7820186,0.6874609,0.53365034,0.4149655,0.5081043,0.46326184,0.8457265,0.7368753,0.59231216,0.27620062,1.0,0.8905017,0.92490005,0.7682814,0.60912913,0.5763465,0.6921836,0.80488455,0.754413,0.59568745,0.599104,0.6341186,0.28420055,0.9510292,0.65481144,0.15269527,0.5635981,0.6935952,0.71166646,0.73615015,0.60379285,0.7936181,0.49331343,0.52443945,0.5276256,0.5988003,0.72120285,0.38457978,0.7387984,0.17872259,0.50326854,0.71409965,0.378065,0.5268559,0.8030832,0.744845,0.30116177,0.50020474,0.47001934,0.33903414,0.8147337,0.43125433,0.45828927,0.6450863,0.83948135,0.62447155,0.56903416,0.9646559,0.851856,0.9431658,0.657602,0.3996514,0.68061316,0.7028476,0.47904533,0.46674743,0.5820686,0.36701518,0.8040104,0.79633737,0.6443501,0.67383754,0.6625209,0.80981886,0.26562166,0.56149834,0.563449,0.6292398,0.32170963,0.7635183,0.79992646,0.8112789,0.4796611,0.39735857,0.3682794,0.5140085,0.6393331,0.52327853,0.33651996,0.47188687,0.5186891,0.5481106,0.6945792,0.2990861,0.5711392,0.9049587,0.8497798,0.35434827
0.49930662,0.11305398,0.49849343,0.47479272,0.59923685,0.36491698,0.70279443,0.9536578,0.8099929,0.8641747,0.69641644,0.46584487,0.7932535,0.7873201,0.6915997,0.6800132,0.6501492,0.33637905,0.84257966,0.77121323,0.2371217,0.11129421,0.8080256,1.0,0.94740975,0.97684544,0.726115,0.7113479,0.79159206,0.61509204,0.04196328,0.7930488,1.0,0.38935968,0.6069836,0.49783513,0.9429958,0.65974504,0.92017555,0.0,0.73693085,0.2637576,0.23663843,0.6709809,0.8192933,0.32817033,0.20930317,0.7917571,0.4656599,0.7847927,0.55505633,0.46676138,0.92629504,0.8646133,0.48540443,0.70100236,0.9543016,0.47877172,0.91095066,0.7153351,0.50626683,0.372031,0.52495694,0.45889091,0.6359798,0.3831533,0.21491882,0.52858937,0.717451,0.9975146,0.32819903,0.94347656,1.0,0.52927315,0.8981075,0.7832577,0.4643975,0.33459187,0.4023925,0.11548662,0.24257642,0.99999994,0.20116422,0.28574607,0.6645579,0.34321854,0.17994013,1.0,0.66881955,0.89919513,0.86564845,0.42550728,1.0,0.66848004,0.8247256,0.80480146,0.8612088,0.8080176,0.51592255,0.2102788
0.6586207,0.3131718,0.74887085,0.9825107,0.6923287,0.54941565,0.7432441,0.92443407,0.6671021,0.7548877,0.84822667,0.66700286,0.4573988,0.6974428,0.86014974,0.69722027,0.6373935,0.8224924,0.8344406,0.34171993,0.58764106,0.66121256,0.190404,0.6631227,0.8790098,0.9917109,0.49902058,0.18404841,0.8007168,0.07505414,0.7070036,0.31176814,0.17000896,0.6170867,0.0013369322,0.37694526,0.72627455,0.8104972,0.6591021,0.66333276,0.04342705,0.60192025,0.66402376,0.60067856,0.8321973,0.5498134,0.52408475,0.79523355,0.010851145,9.417534e-06,0.68996537,0.56769645,0.76895374,0.8040234,0.8403431,0.8937866,0.5089065,0.61014295,0.97099936,0.7911132,0.5585103,0.7272215,0.23149025,0.58852804,0.39747912,0.7944573,0.6442541,0.80299664,0.55547756,0.99733067,0.77285796,0.647657,0.5604794,0.15969104,0.90786177,0.973819,0.7733183,0.32211167,0.6702398,0.79273224,0.6051167,0.783075,0.63427246,0.91055274,0.73902476,0.31727093,0.4925268,0.056950867,0.6664399,0.73964906,0.6411296,0.66473037,0.6399009,0.6180124,0.6049905,0.67348105,0.5056201,0.29772595,0.090524375,0.5538301
0.22673613,0.5070827,0.72811574,0.5855491,1.0,0.37407035,0.9920496,0.8823567,0.6884848,0.8060015,0.92243874,0.68158865,0.8390024,0.8214586,0.8732593,0.67016345,0.5922,0.35122105,0.072327256,0.2829837,0.78447706,0.6288833,0.52646667,0.48222288,0.36358687,0.32872742,0.6665827,0.20318228,0.45688447,0.028840184,0.30910942,0.516364,0.09248713,0.27110165,0.5756103,0.41490307,0.6944784,0.7548829,0.43148634,0.5522618,0.49887535,0.018805087,0.3571137,0.19101125,0.52462333,0.7619229,0.3173783,0.9148001,0.37996536,0.35743636,0.7872514,0.36816812,0.79476434,0.8731804,0.76532394,0.1926105,0.20303172,0.9910171,0.6690092,0.86288136,0.8453555,0.68224454,0.8558478,0.22438997,0.7518254,0.63552725,0.49895826,0.79681724,0.5691058,0.7625424,0.38553455,0.584105,0.87935746,0.03252685,0.97952634,0.36153206,0.79104024,0.61104184,0.6680649,0.81057316,0.59337264,0.7944138,0.3919829,0.96745014,0.7296356,0.28387216,0.12993509,0.7451926,0.6294586,0.771229,0.8511419,0.7111399,0.61449736,0.79520845,0.18089008,0.5355415,1.0,0.6667246,0.6401429,0.7567376
0.43608743,0.6265711,0.77601457,0.5882909,0.4879883,0.39039433,0.49368846,0.7831918,0.7240317,0.58777606,0.5923115,0.5875255,0.8627721,0.7555865,0.72500056,0.7219011,0.6955707,0.6426818,0.7223129,0.667318,0.6768676,0.6802436,0.61356103,0.5301188,0.3387265,0.7294074,0.38120946,0.26415628,0.31404194,0.5291928,0.6392305,0.8086022,0.5002647,0.65058994,0.5327085,0.59287864,0.44292018,0.66338915,0.6305916,0.62553775,0.70207375,0.32184416,0.5993779,0.7526062,0.4066921,0.6983264,0.61904377,0.7598217,0.40677607,0.5315262,0.452608,0.32854462,0.9470828,0.4049278,0.3233242,0.51597583,0.8128386,0.68322164,0.5148087,0.9704628,0.8841685,0.95843863,0.68674827,0.36339402,0.62804896,0.9506315,0.39682028,0.3594531,0.5510272,0.47431347,0.5492288,0.8710259,0.789714,0.52680886,0.72885203,0.58351594,0.40305305,0.5481061,0.66185045,0.54266965,0.34645012,0.83816206,0.7906275,0.82973766,0.46399692,0.47046158,0.46198767,0.55366963,0.6274542,0.33698887,0.36899683,0.714514,0.68312657,0.796438,0.5999707,0.49329752,0.35228026,0.82280076,0.9310153,0.40735188
0.53778785,0.23491597,0.1698547,0.7308443,0.9004867,0.019064054,0.8227904,0.69806033,0.7540285,0.8241406,0.8082366,0.6394307,0.5961915,0.68357885,0.40752715,0.92145205,0.589707,0.53397286,0.71634,0.5913867,0.5235483,0.06791246,0.4986937,0.7249671,0.5650128,0.91544735,0.82030606,0.32052216,0.65803134,0.6598873,0.4830241,0.8837731,0.5115717,0.42366773,0.48153794,0.5794856,0.0,0.5553819,0.500454,0.2867463,0.45502603,0.14380014,0.055599153,0.33770657,0.9999999,0.62463295,0.2107526,0.90066266,0.61764735,0.50144315,0.7726845,0.64577544,0.57674116,0.6738278,0.35585985,0.91860986,0.74176395,0.4823674,0.5662933,0.9775467,0.7546845,0.46999583,0.26229802,0.58003235,0.8286298,1.0,0.45471555,0.39640358,0.21494606,0.48075497,0.32521844,0.9120003,0.5613216,0.694368,0.7540348,0.4227777,0.72437125,0.51983273,0.21837574,0.5037575,0.5347654,0.4710674,0.79217225,0.3512031,0.44406217,0.5135009,0.41834444,0.4339997,0.73490596,0.5993158,0.6226092,0.17726478,0.49927336,0.79022926,1.0,0.44749343,0.77077144,0.71063024,0.39863464,0.13577971
0.30302516,0.7257246,0.7168894,0.44705436,0.46423495,0.37615532,0.43088567,0.58706295,0.71900445,0.8271491,0.38530678,0.40230268,0.96714616,0.73149294,0.7847126,0.7037082,0.6472557,0.44112715,0.65253747,0.7938783,0.5784631,0.4335667,0.6757462,0.59532267,0.4572485,0.8571957,0.60643035,0.2599301,0.48016813,0.6750911,0.5397791,0.913194,0.68248177,0.6697691,0.6544683,0.550012,0.42519632,0.45929897,0.58035505,0.43863326,0.91330886,0.25767428,0.45507646,0.5733242,0.44360146,0.60369354,0.6997057,0.53952146,0.37462822,0.7227537,0.31634152,0.298467,0.84164405,0.524415,0.34713557,0.48342308,0.7400194,0.51867473,0.4575114,0.59658384,0.5943958,0.5396439,0.81572706,0.26804703,0.6064402,0.51291424,0.4518271,0.3682024,0.49783522,0.17453599,0.60959977,0.83308536,0.77897835,0.7629543,0.73388064,0.6675735,0.3544867,0.3658405,0.5994606,0.34781903,0.2990694,0.8643748,0.7595751,0.44002908,0.4574982,0.30523926,0.29569066,0.65303546,0.6256903,0.5195486,0.30887336,0.3968204,0.61060184,0.6130452,0.80728096,0.53100306,0.48222145,0.92127955,0.9282915,0.3503879
0.40565056,0.78570604,0.051357985,0.92797756,0.81771487,0.19058089,0.5917116,0.4263993,0.39558235,0.9784527,0.78130186,0.77101517,0.40275806,0.612407,0.2001152,0.5745132,0.3865029,0.17872038,0.6017273,0.49375784,0.61350846,0.08694136,0.17933229,0.42482358,0.6960365,0.66713774,0.9486671,0.65597135,0.5911771,0.6263755,0.7093092,0.79890084,0.44486162,0.356938,0.86901665,1.0,0.25700283,0.6971849,0.85309815,0.66365004,0.41846594,0.60257465,0.35020602,0.6068654,0.6483374,0.55361253,0.51873636,0.31446695,0.49971664,0.6412367,0.7088877,0.6862563,0.37401885,0.62734103,0.19465882,0.47149816,0.6737603,0.0,0.32053912,0.43483594,0.51413524,0.22648102,0.70616716,0.74153,0.432222,0.5791027,0.66682404,0.8271689,0.25030965,0.40591612,0.35989648,0.22045752,0.45688897,0.8766482,0.77657866,0.37371027,0.48582134,0.21263832,0.7695979,0.74993455,0.68683916,0.8690858,0.2854119,0.0,0.868591,0.35366255,0.28453282,0.5256235,0.7622142,1.0,0.42503762,0.23131284,0.6400534,0.8831296,0.93488544,0.76455206,0.6322576,0.550589,0.6520904,0.44698054
0.29903185,0.6915575,0.7527644,0.3931054,0.42015764,0.59771776,0.56044614,0.64338946,0.76317644,0.6598877,0.28501016,0.55921876,0.81306106,0.66635025,0.78207713,0.75215423,0.6046915,0.44909433,0.4783458,0.60684127,0.5383046,0.52783364,0.6796738,0.44186157,0.5406586,0.844669,0.49892703,0.3257209,0.48650825,0.6504949,0.5778682,0.6044307,0.6178264,0.79932773,0.54587144,0.5059337,0.26817623,0.47492462,0.52556264,0.53214204,0.8100492,0.36983383,0.5478053,0.553605,0.28485984,0.5608598,0.7694263,0.6098365,0.31693396,0.6245976,0.23765907,0.3338379,0.6189327,0.554736,0.3146736,0.6122065,0.8565145,0.5318031,0.56341445,0.73847586,0.7388225,0.52378535,0.6592734,0.24700606,0.5393745,0.6533774,0.42418554,0.36359575,0.50379485,0.39169046,0.7130272,0.8613707,0.61944926,0.6780288,0.7483108,0.6212667,0.27972212,0.27458447,0.5569973,0.41839066,0.33069652,0.7961193,0.73268837,0.4382681,0.41798228,0.30357844,0.3988501,0.6020032,0.52290505,0.49945834,0.3359589,0.4351263,0.58930176,0.6139138,0.72221273,0.646534,0.45875114,0.86907196,0.90425056,0.39486927
0.58237356,0.4573372,0.5155852,0.5858839,0.7754977,0.3060857,0.7373035,0.80431795,0.5675141,0.84241223,0.6786073,0.7140982,0.872214,0.7891881,0.74540854,0.57943827,0.6543588,0.41013917,0.65061164,0.64423835,0.5335035,0.17246538,0.6569886,0.77560663,0.8623989,0.9234777,0.76734626,0.37407008,0.85054713,0.542706,0.3434389,0.7401352,0.6954123,0.52010065,0.47474098,0.6401485,0.45810872,0.50945276,0.74767107,0.2670612,0.59061736,0.28679562,0.32615715,0.58168334,0.77239424,0.50594246,0.3069444,0.79221934,0.4659592,0.5859792,0.5430696,0.20508176,0.7344182,0.8141321,0.5756127,0.6807657,0.671059,0.5654578,0.7659381,0.67754555,0.5562944,0.6639012,0.67299676,0.34804073,0.7615017,0.615314,0.21283516,0.5907659,0.5837848,0.5477116,0.46313417,0.72754985,0.7582832,0.58998144,0.8942662,0.77628475,0.706593,0.3205383,0.48230597,0.31864426,0.5260268,0.9058204,0.7371534,0.5146333,0.62228686,0.11823338,0.14354819,0.74108464,0.7384825,0.8447656,0.643108,0.38241547,0.69170094,0.7085101,0.85718036,0.6929773,0.9381612,0.7175594,0.5712717,0.38047826
0.59221363,0.37271643,0.43583906,0.66884816,0.8467374,0.2805515,0.8175995,0.77565634,0.6798669,0.81477386,0.74482423,0.70050853,0.8163696,0.9169307,0.7560607,0.70742095,0.66221577,0.39444047,0.71338713,0.73972374,0.4118871,0.2900919,0.5809852,0.8412567,0.86343193,0.9344094,0.70270824,0.47164682,0.77247006,0.5502204,0.33269814,0.68310267,0.6996078,0.48303416,0.4705387,0.6488298,0.491653,0.5830815,0.767775,0.28402627,0.48584485,0.29466188,0.3087513,0.6442017,0.82936573,0.46043095,0.32992953,0.91622484,0.45383894,0.5672333,0.6457384,0.2014851,0.6873584,0.78123957,0.62019753,0.7129419,0.8277075,0.60472924,0.72742033,0.9644888,0.6978077,0.78741324,0.5544661,0.43475825,0.87134475,0.6556918,0.16588792,0.58783203,0.61948407,0.7071874,0.43102938,0.7967104,0.68395007,0.5969688,0.9389521,0.77060616,0.6703567,0.42307317,0.45579672,0.44647986,0.5797653,0.947577,0.7075223,0.5736155,0.56729054,0.18616135,0.13792816,0.715968,0.76529336,0.7556852,0.5850169,0.43372807,0.8029805,0.72201,0.75414944,0.61688185,0.9583466,0.763639,0.5339873,0.2195382
0.72831446,0.9325992,0.7083849,0.8161058,0.5557847,0.44539684,0.3134894,0.76987296,0.05197388,0.69532686,0.7335323,0.7152526,0.8540876,0.787766,0.75848234,0.070685804,0.6692163,0.8975978,0.6749871,0.22520855,0.32228106,0.35519227,0.81860745,0.1077587,0.5127607,0.7916453,0.52645046,0.28948608,0.7400759,0.6566322,0.63044804,0.77778554,0.5378241,0.62703466,0.5699752,0.81925845,0.75478685,0.67614764,0.6114038,0.6407932,0.67356074,0.5268605,0.5388934,0.4304204,0.64214,0.6869428,0.15740332,0.23873106,0.6471937,0.6498644,0.5504693,0.33765554,0.84206903,0.81610155,0.5492066,0.82275516,0.27026758,0.51426256,0.68464375,0.29037774,0.64723194,0.9555249,0.8638122,0.6586158,0.8014407,0.43739295,0.37042606,0.77297574,0.5095987,0.50514686,0.73715407,0.3108622,0.75781983,0.8616828,0.66766477,0.6572012,0.874684,0.16413239,0.54314595,0.8434786,0.6020607,0.7935383,0.78540194,0.57312465,0.58814126,0.37626186,0.58467835,0.4066184,0.507128,0.67654413,0.2254461,0.62889683,0.5962764,0.76146317,0.6704958,0.44467664,0.8030693,0.2416682,0.86207414,0.8789981
0.65139973,0.4439138,0.3907298,0.5947449,0.82295895,0.22652683,0.46615854,0.73697615,0.47350538,0.8429263,0.72420394,0.7382584,0.83600235,0.78261167,0.65507966,0.4830702,0.70143014,0.49209622,0.71801734,0.58282524,0.40066403,0.16500989,0.6824206,0.5694092,0.5907159,0.914281,0.7509419,0.38190654,0.77059853,0.60206497,0.33218285,0.8407654,0.7655631,0.5525326,0.5150963,0.61087525,0.37123117,0.49764547,0.6713873,0.3552968,0.67759955,0.38073093,0.25571194,0.5533237,0.87573355,0.55024433,0.23218584,0.67883813,0.6326357,0.54520786,0.66637075,0.28881544,0.6074635,0.72509664,0.42786974,0.7405397,0.62208706,0.39635277,0.63977116,0.6100154,0.6375632,0.8580774,0.5387893,0.4764045,0.83619136,0.69814044,0.20486662,0.55986536,0.55099255,0.5676712,0.53456587,0.6356022,0.58361673,0.7748956,0.7523261,0.74891484,0.7063544,0.3021912,0.39624965,0.39032152,0.49216607,0.9577532,0.80265087,0.4851582,0.56058,0.3180544,0.3604433,0.685514,0.77505726,0.8404882,0.54562753,0.43193772,0.6485334,0.7017704,0.8046646,0.61352456,0.7518493,0.54546183,0.66356635,0.5545313
0.28777686,0.8604556,0.5162947,0.79583126,0.34579718,0.2745222,0.698677,0.56740075,0.6989156,0.80031615,0.38765413,0.41556758,0.52478826,0.43580317,0.44432265,0.81687695,0.5442916,0.32406035,0.82533485,0.8618036,0.5823362,0.7156248,0.2715855,0.6306039,0.53841245,0.7380807,0.48777685,0.5406692,0.23419511,0.6707519,0.83259195,0.9502639,0.4602464,0.4536054,0.802047,0.769548,0.389098,0.6989853,0.871341,0.79813045,0.56279343,0.43798485,0.63850254,0.83534837,0.30620998,0.5865953,0.99999994,0.3649529,0.2570266,0.8529009,0.4135827,0.46571904,0.829057,0.38664916,0.1447978,0.41834137,0.8790332,0.40023494,0.22046763,0.85204154,0.651444,0.4223286,0.835823,0.58295375,0.5003299,0.57317245,0.7086046,0.47429577,0.36691454,0.32642,0.38663965,0.5428976,0.6687798,0.71447444,0.77478725,0.40805575,0.25886667,0.4696708,0.8437776,0.6862499,0.2878345,0.8235496,0.43847057,0.2751228,0.5159872,0.395877,0.40166664,0.46171916,0.63220453,0.5044385,0.12647098,0.42349857,0.75414073,0.7032957,0.8053653,0.625172,0.35698402,0.90225303,0.9456265,0.07185811
0.30797327,0.33398405,0.50273347,0.23115158,0.47010425,0.014349058,0.5422152,1.0,0.76209813,0.92696995,0.23981476,0.5606968,0.7917728,0.4180963,0.8823829,0.6396764,0.7038586,0.17040536,0.79925287,0.91208375,0.2223554,0.4424108,0.8147934,0.7124654,0.8003143,0.9490203,0.6677949,0.6937306,0.7047226,0.51230794,0.0,0.88874686,0.91101676,0.514647,0.6224636,0.25493938,0.58294296,0.08266103,0.52660537,0.23417765,0.9999999,0.5059654,0.12199429,0.51857734,0.85528797,0.5945152,0.55255127,0.26470348,0.41372824,1.0,0.39811254,0.35656023,0.7702245,0.805638,0.636633,0.604758,0.4572114,0.6467537,0.66621464,0.33149832,0.18749556,0.094711125,0.6264661,0.3228033,0.64878535,0.0,0.34073672,0.38090557,0.63893396,0.4182108,0.50800574,0.827037,0.7172867,0.7642735,0.8381118,0.7586433,0.62202936,0.40330386,0.39857766,0.0,0.21855655,0.8815776,0.7068758,0.05544412,0.28138587,0.15726107,0.6195216,0.8473413,0.49239987,0.83142626,0.58207685,0.6202888,0.6897635,0.48563594,0.7169012,0.83583105,0.7322071,0.81272525,0.8626395,0.2480357
0.67869824,0.8912807,0.72090083,0.9268109,0.6535797,0.37489504,0.26386964,0.8099579,0.037065804,0.80886424,0.82589555,0.6672408,0.86706173,0.82734996,0.8722716,0.0076963305,0.5889905,0.9099387,0.6841953,0.18607569,0.5147325,0.19921333,0.69691974,0.17948422,0.54324913,0.89378965,0.6904946,0.20278996,0.8197654,0.6297792,0.58185357,0.80296284,0.5839292,0.53982896,0.51887304,0.8494535,0.8968789,0.7082105,0.73494464,0.64052093,0.6798396,0.5926362,0.53619075,0.38986084,0.6551072,0.7004891,0.13527954,0.22586954,0.58536047,0.5794222,0.60057575,0.43537602,0.92020136,0.8308956,0.6557194,0.7560868,0.19613439,0.48745334,0.68765783,0.15486217,0.50035393,0.78656024,1.0,0.7218285,0.7336248,0.42304412,0.55229723,0.90496635,0.4975568,0.6528982,0.82192504,0.24560505,0.8150052,0.8434298,0.6411029,0.73594326,0.8617039,0.11386749,0.6193734,0.7567228,0.67513824,0.88259697,0.7552124,0.55886495,0.77558357,0.37208587,0.4265953,0.42891046,0.49650452,0.8769818,0.3535804,0.65455115,0.65056777,0.81297433,0.7222542,0.48632354,0.88276297,0.2158742,0.7449039,0.84132504
0.09551811,0.8564458,0.7063088,0.8933964,0.641766,0.10803041,0.5046226,0.35585368,0.853309,0.6607264,0.64936405,0.6842883,0.7429614,0.74509203,0.75032043,0.6855575,0.38221404,0.5037997,0.81707,0.83234394,0.5571147,0.655342,0.18260777,0.46145007,0.38130057,0.83489066,0.432468,0.2801385,0.13276434,0.72309536,0.7746526,0.7215874,0.42649955,0.689764,0.5558356,0.6916846,0.5579892,0.41698992,0.5764419,0.6096457,0.64152473,0.31415266,0.5050274,0.6779512,0.08402717,0.42086452,0.8745804,0.4784014,0.29045683,0.6153873,0.61931324,0.5257875,0.5909695,0.42800057,0.53043044,0.59252137,0.8467772,0.57229185,0.45659322,0.9053723,0.8635591,0.68460584,0.5969764,0.51005995,0.0,0.64999324,0.7664677,0.71461546,0.54420906,0.4558732,0.86752665,0.4976976,0.72572285,0.74986994,0.6691644,0.67155325,0.14005399,0.57392746,0.67688864,0.8119407,0.4372238,0.89733386,0.8183735,0.6921601,0.50611144,0.52853495,0.4303097,0.45311177,0.36043352,0.44570425,0.00032109022,0.7251707,0.7711436,0.7787553,0.53181744,0.46922398,0.46722,0.7453474,0.7449709,0.11693383
0.60637635,0.6947503,0.59085876,0.8205973,0.11580652,0.43573785,0.9958758,0.6675437,0.6561509,0.56169033,0.39127448,0.46628696,0.30782595,0.20129722,0.1379236,1.0,0.75969326,0.7245859,0.77345014,0.5626008,0.11338824,0.7061465,0.5222732,0.6428708,0.9027561,0.64909554,0.21363589,0.5911473,0.34325945,0.6457982,0.8048899,0.9059057,0.12843955,0.46954522,0.8262993,0.6105164,0.21199161,0.82497954,0.57412374,0.78971887,0.36492354,0.32588106,0.58447415,0.49044257,0.6232103,0.6544766,0.65024906,0.4681392,0.3196335,0.856753,0.17781162,0.5873929,0.85234773,0.70919496,0.42594877,0.87650377,0.8499783,0.6962346,0.60068595,0.89404804,0.6117164,0.024860978,0.38784242,0.5419613,0.7751499,0.6129428,0.53924984,0.24819946,0.0,0.0,0.114804804,0.9980415,0.8394302,0.61806786,0.82736135,0.02098614,0.74229515,0.4319014,0.6177626,0.81676155,0.35544264,0.11426401,0.4133131,0.08681965,0.21321791,0.37843806,0.6264057,0.028363973,0.58490336,0.0021746755,0.17587647,0.28398702,0.6249005,0.7039734,0.9393514,0.53415275,0.39486206,0.8044145,0.76644635,0.024077043
0.7156621,0.867394,0.68629366,0.97395855,0.6955038,0.3448369,0.2775607,0.7965418,0.027913809,0.76263183,0.91890347,0.73868924,0.86730015,0.90037394,0.8453571,0.0,0.5891066,0.9248757,0.7491808,0.17464092,0.48734635,0.25980136,0.7128345,0.13005674,0.5154507,0.8575558,0.67162806,0.23054977,0.8488124,0.60631484,0.64639735,0.74031687,0.5369671,0.56670004,0.4672557,0.88837713,0.9036134,0.7399791,0.7044295,0.61372733,0.59051764,0.5683273,0.5188211,0.44207877,0.69943315,0.6995429,0.08339706,0.26540592,0.60612637,0.52483964,0.6963677,0.45083496,0.8939446,0.82278794,0.6329325,0.82909584,0.18513632,0.47692525,0.7128549,0.2624823,0.58030313,0.99636495,0.94045055,0.7774119,0.71789396,0.4834642,0.4983024,0.931755,0.5507178,0.6931534,0.8025128,0.2243292,0.7884927,0.8185332,0.6511749,0.76398623,0.88693744,0.17752811,0.5925039,0.88705015,0.71941864,0.85084397,0.78291756,0.6598414,0.76849043,0.41246644,0.52783847,0.39324164,0.5091847,0.83650184,0.35008508,0.6761221,0.62547046,0.8537203,0.6812463,0.45611042,0.9140682,0.15862033,0.7479166,0.8942909
0.73458296,0.78314126,0.5813978,0.6587062,0.7575429,0.38951987,0.34218735,0.7283649,0.10663772,0.876165,0.72581184,0.735697,0.92636174,0.86247647,0.78901076,0.13793626,0.70546556,0.7494221,0.6282381,0.30156422,0.26271993,0.09705603,0.82075375,0.30547568,0.6645262,0.89385223,0.7119122,0.25036162,0.90011406,0.65435815,0.40086395,0.8231133,0.71458465,0.5584216,0.53978086,0.7301311,0.6456927,0.5462847,0.6059803,0.4458285,0.73304,0.4202155,0.36062568,0.29856616,0.8077955,0.6074788,0.058653712,0.3880005,0.7093621,0.64554393,0.60017943,0.21447533,0.7180064,0.90861034,0.55774754,0.7860898,0.25792974,0.40093857,0.70720536,0.22471488,0.5384481,0.8364117,0.80615985,0.54532754,0.87108123,0.3827629,0.2779601,0.7813353,0.53495777,0.5236602,0.70847356,0.37469962,0.7236614,0.8778633,0.74230075,0.78093374,0.89265454,0.074493825,0.41373044,0.5883068,0.6092038,0.9179879,0.82348025,0.43761075,0.6391609,0.26581705,0.313242,0.59462684,0.65557563,0.8601692,0.3374994,0.43978,0.6176072,0.72581816,0.7931569,0.54964393,0.9527348,0.29781204,0.7054542,0.8263207
0.03754717,0.6795887,0.8856116,0.6741056,0.57734174,0.75019324,0.8979597,0.6324478,0.7367058,0.24132955,0.5284008,0.9057387,0.76875466,1.0,0.77845687,0.59146535,0.20924011,0.31360376,0.0503096,0.18223232,0.79944956,0.29876035,0.85955846,0.0,0.52136993,0.69004965,0.85663736,0.4749053,0.760424,0.7107177,0.6538066,0.0,0.53271526,0.979172,0.4350592,0.789486,0.19314384,0.7159305,0.5705581,0.47017944,0.6879577,0.43525985,0.43111104,0.63304967,0.023518443,0.47749454,0.55618006,0.6920115,0.29213166,0.4415595,0.42182228,0.72291225,0.27202737,0.66287774,0.46552885,0.8244169,0.9505435,0.6051138,0.8449588,0.88639295,1.0,0.5223932,0.794272,0.37737352,0.55662835,0.99111044,0.44120646,0.73952115,0.4077859,0.6055834,0.9581269,0.721305,0.58675814,0.6600092,0.77676976,0.3412538,0.13664669,0.3760135,0.55732864,0.8012872,0.7860472,0.63162404,0.66262144,0.4118357,0.6789589,0.38619614,0.5632437,0.70299226,0.0,0.8238608,0.86994016,0.5176002,0.45356214,0.8565843,0.67544556,0.65643734,0.9387051,0.7957246,0.86591554,0.544661
0.4809935,0.5090953,0.52382636,0.46843004,0.71310675,0.61048996,0.76775974,0.6499707,0.72938836,0.7686326,0.45652017,0.6445922,0.74182236,0.82321674,0.76533014,0.80510116,0.63586736,0.38507468,0.49004,0.5917778,0.40802458,0.30206153,0.5864604,0.6293688,0.80286705,0.9518857,0.670295,0.33591822,0.7578259,0.5311421,0.46490258,0.50187886,0.6315959,0.7196911,0.4029738,0.48777878,0.19867855,0.49039853,0.5422234,0.3763768,0.56092197,0.34369412,0.3848369,0.50451535,0.65624315,0.46340656,0.5141943,0.8374387,0.3829952,0.45942605,0.43040216,0.23546675,0.46480292,0.73975205,0.46264273,0.7296297,0.8492168,0.4753182,0.7153849,0.8261786,0.71656585,0.5752708,0.4160192,0.2857926,0.74106663,0.6631647,0.23727793,0.47385427,0.5187616,0.5072409,0.61978304,0.8241138,0.4838742,0.59703714,0.90892184,0.7633217,0.51054597,0.20810822,0.41663116,0.41410145,0.47220963,0.8317308,0.7141526,0.44713244,0.49647963,0.18043947,0.20116684,0.591192,0.70910215,0.7183958,0.49824855,0.2671194,0.5895936,0.5638408,0.79451424,0.6378274,0.7082603,0.7769289,0.51633596,0.41100663
0.7312424,0.4736871,0.82859427,0.14133155,0.0,0.6579666,0.6915545,0.9308112,0.74030364,0.60904044,0.0,0.4832658,0.7119991,0.1589948,0.5400551,0.9062705,0.99956584,0.5408431,0.5949701,0.7399647,0.004453242,0.8257573,0.7983087,0.7130073,0.68715686,0.67491555,0.13352138,0.45748827,0.43371707,0.3677752,0.4125134,0.7932382,0.58635145,0.79113185,0.53687274,0.002937138,0.12206566,0.49870867,0.46569616,0.6533078,0.7232925,0.26256555,0.64564025,0.8260095,0.6367579,0.5328393,0.897861,0.6016062,0.22315605,0.6680364,0.0,0.012800276,0.8043144,0.72597486,0.3261849,0.7244921,0.8185628,0.6073381,0.71877813,0.7188415,0.70607007,0.7162039,0.25801,0.009031236,0.8868285,0.63496786,0.010888934,0.0014971495,0.43063623,0.14545828,0.40201885,0.9916223,0.6057943,0.47008395,0.90684724,0.55061466,0.6202086,0.3849663,0.45206708,0.16929561,0.0,0.8102704,0.6959791,0.51016825,0.08454436,0.1199356,0.79844916,0.51755106,0.78569114,0.3896112,0.42174116,0.48978746,0.53313863,0.17947894,0.7618704,0.7706458,0.074350476,0.7482088,0.8448119,0.54145557
0.70607907,0.45758367,0.88923264,0.89911544,0.4242825,0.7022084,0.8420994,0.92084175,0.6173479,0.5447312,0.7429761,0.7116551,0.40845364,0.5202973,0.57124513,0.7622098,0.7932969,0.8232012,0.66701615,0.29748663,0.45184368,0.91710925,0.3348942,0.57403946,0.8307222,0.6542264,0.22481012,0.3276958,0.5661982,0.038883805,0.751872,0.3818463,0.0,0.60366523,0.27475443,0.37344724,0.6136653,0.9661634,0.61312443,0.86370957,0.063194185,0.5245588,0.79776806,0.6452487,0.67732835,0.5903921,0.594984,0.7567276,0.03934969,0.1538448,0.5009496,0.47588557,0.7790984,0.77591014,0.75259256,0.7558608,0.595291,0.718514,0.9397843,0.8557557,0.68700945,0.7288692,0.23403913,0.4328208,0.5256188,0.8162604,0.4932104,0.6546129,0.41865212,0.679822,0.5166417,0.7242086,0.6788735,0.09488374,0.94644,0.602062,0.8145985,0.39798492,0.7828999,0.904563,0.52568644,0.66144335,0.4608885,0.8946759,0.58025414,0.29814732,0.6170393,0.06715381,0.659304,0.4346363,0.59591913,0.70938075,0.6447746,0.609984,0.5259662,0.68319756,0.3186158,0.3886289,0.34091872,0.62054175
0.4193337,0.68779844,0.6314835,0.4480785,0.65179145,0.51900446,0.42551538,0.67245185,0.7039155,0.73515433,0.54943275,0.5519406,0.96330404,0.8628207,0.89197844,0.6927865,0.5937481,0.6484618,0.7040633,0.64337766,0.7094769,0.3801196,0.56883675,0.5748794,0.43261924,0.93312204,0.5810029,0.17006493,0.48751763,0.65371996,0.6008796,0.76367563,0.655669,0.68153965,0.45598927,0.65724224,0.4147373,0.54988396,0.65664625,0.47032994,0.78622353,0.36137587,0.51814413,0.5667824,0.4523396,0.7020628,0.56228065,0.796198,0.45264137,0.5027786,0.42153892,0.27377385,0.90262675,0.42917415,0.31173715,0.52477723,0.79781777,0.5598044,0.50831425,0.8615728,0.82120955,0.84722584,0.763496,0.36569637,0.6140953,0.8489951,0.4649738,0.37904623,0.6147307,0.5435852,0.6960291,0.85445493,0.7181807,0.6560046,0.719917,0.8021151,0.3642798,0.32640618,0.5876905,0.35463563,0.390547,0.84177893,0.8943006,0.7299397,0.5932904,0.3912458,0.14009935,0.5912045,0.68793654,0.486106,0.24634233,0.4819247,0.6708408,0.82425886,0.697536,0.50280786,0.51231134,0.85000527,0.81745166,0.41802382
0.7270048,0.7294997,0.6272427,0.9612507,0.75817996,0.24859619,0.20060098,0.77520436,0.05248797,0.78016305,1.0,0.80662376,0.82812065,0.849033,0.71907836,0.040480077,0.6545222,0.88741845,0.7093413,0.11945093,0.5188905,0.24872601,0.69195426,0.109498024,0.4197457,0.780305,0.7022525,0.22275782,0.83252144,0.5194639,0.57291186,0.7723583,0.49469754,0.54710615,0.47899508,0.77918,0.7823263,0.7338114,0.6534054,0.6272806,0.5870452,0.5520596,0.43860376,0.417318,0.7839086,0.70499676,0.038505852,0.31002435,0.64898115,0.43264234,0.7730219,0.51509565,0.77003056,0.81125295,0.60640913,0.7906535,0.1359666,0.40433627,0.71211684,0.20859772,0.5638939,1.0,0.78646183,0.7304077,0.6972271,0.5985515,0.47513622,0.9265386,0.49182937,0.65138286,0.7566333,0.25867337,0.72543776,0.7683265,0.6259155,0.7057785,0.9077753,0.23629999,0.5738529,0.8560046,0.70884115,0.8780045,0.7506997,0.6567199,0.7570746,0.46399456,0.61479837,0.41943035,0.57911205,0.87539655,0.49351388,0.6946889,0.5659884,0.8480672,0.6747252,0.50577384,0.7933496,0.09766561,0.7088105,0.9783889
0.79638934,0.7237746,0.79304373,0.9583121,0.6812009,0.54397297,0.31762543,0.7602962,0.06833863,0.8571931,0.8617066,0.76670605,0.7192283,0.77551794,0.80182314,0.11811128,0.71060425,1.0,0.6571198,0.0,0.3658617,0.26921523,0.5474926,0.23607856,0.79544985,0.90705794,0.63233805,0.0907473,1.0,0.33601046,0.60799146,0.58879125,0.34117216,0.5816367,0.28830427,0.60357,0.8478512,0.77659136,0.5951186,0.6872489,0.40387246,0.59809464,0.58835506,0.22942886,0.8175995,0.62677354,0.12357694,0.33172318,0.39069706,0.2688301,0.61310256,0.47291312,0.7357444,1.0,0.81113535,0.87873065,0.028646767,0.37771052,0.9133714,0.047881484,0.34135678,0.6929958,0.6392041,0.6288303,0.56075084,0.4363801,0.58789194,1.0000001,0.43142897,0.66964257,0.8654597,0.30670416,0.7192747,0.5699557,0.75258964,0.87158287,0.9906763,0.0039379597,0.60928774,0.819334,0.7364187,0.80334306,0.6795314,0.5634354,0.8143279,0.29509577,0.44176817,0.19350126,0.62343156,0.8878935,0.4735996,0.53100884,0.55734104,0.69593817,0.75896144,0.6547707,0.7531476,0.0,0.37988755,0.99999994
0.64798236,0.6688283,0.4842765,0.48748246,0.7647573,0.49145108,0.5557447,0.83537674,0.2873938,0.8258221,0.51841533,0.74809575,0.7829654,0.7186275,0.8306331,0.32984746,0.63966924,0.5553094,0.56445384,0.38963395,0.18734759,0.19228682,0.8177787,0.32894704,0.69684476,0.9292509,0.68674475,0.33663666,0.8671489,0.58229506,0.3641673,0.6270152,0.70383406,0.63876164,0.41863018,0.5599769,0.42727822,0.3852463,0.43605226,0.4093728,0.6759175,0.44965476,0.2855985,0.35422933,0.8361002,0.5721366,0.17897144,0.4429164,0.677904,0.6058207,0.5833654,0.170369,0.5432756,0.9150947,0.49462312,0.84862924,0.39402905,0.46949434,0.72071993,0.42445254,0.65118426,0.7772638,0.58626175,0.47661424,0.8686666,0.41761014,0.19666037,0.6503027,0.5940943,0.57606864,0.7101912,0.40678075,0.50464815,0.81483155,0.8275981,0.7760697,0.82729095,0.073215246,0.28453356,0.54154664,0.5116923,0.89346373,0.8488198,0.43016574,0.50260824,0.21920052,0.4201154,0.5819686,0.61356544,0.9095726,0.37177494,0.43100291,0.55086386,0.6118572,0.708679,0.5933672,0.9245688,0.38109726,0.6329472,0.7871587
0.41219014,0.0,0.0,0.0,0.68446374,0.4863228,0.05382973,0.5686459,0.74038213,0.0,0.1674462,1.0,0.872339,0.48162425,0.95488936,0.87292755,0.5981256,0.78271866,1.0,0.72715706,1.0,0.9429877,0.17716467,0.033397853,0.0,0.7307305,1.0,0.99999994,0.7600608,0.62185663,0.52221566,0.8203559,0.5570732,0.61352944,0.5682896,0.96388566,1.0,0.43199208,1.0,0.54452556,0.61710227,1.0,0.7425631,0.99219155,0.7080841,1.0,0.43054235,0.50037897,0.64969224,0.6147689,1.0,1.0,0.57378006,0.0,1.0,0.67223805,0.7517866,0.93284893,0.7458291,0.92914814,0.3910384,0.454854,0.48588622,0.7074432,0.03205681,0.7197825,0.9999999,0.85218483,1.0,0.9377551,0.3822639,0.7392585,0.2523026,0.07831919,0.0,0.73652935,0.70541644,0.99999994,1.0,0.40680695,1.0,0.0,0.18447202,1.0,0.99999994,1.0,0.99999994,0.4324105,0.664124,0.4998018,0.6767701,1.0,0.46978074,1.0,0.0,0.99999994,0.7838656,0.704178,1.0,0.39847142
0.6220692,0.28949535,0.3880474,0.61555696,0.8397422,0.3040775,0.8849876,0.8099165,0.7782441,0.83461624,0.6897942,0.65798473,0.7558899,0.87666225,0.7415275,0.7333814,0.6672546,0.35687342,0.7246618,0.79515636,0.33406875,0.21297774,0.49084878,0.96449864,0.9812109,0.98444927,0.68229544,0.53664076,0.7890614,0.504314,0.25685135,0.64491105,0.75452816,0.49941567,0.4263092,0.572947,0.48739573,0.5956298,0.81352454,0.20412272,0.45844805,0.33462754,0.3255086,0.6745652,0.9406768,0.3906275,0.35335132,1.0000001,0.40569937,0.5320989,0.6335447,0.20632961,0.6740839,0.828335,0.56282043,0.7803989,0.9596022,0.5570078,0.830632,0.9680398,0.6917636,0.7086885,0.42119667,0.42925692,0.82122046,0.64007545,0.12459609,0.52479655,0.6436929,0.7839037,0.4408266,0.84652674,0.62758213,0.5678075,0.9724605,0.8292369,0.6858195,0.33434892,0.4395998,0.35602042,0.46908715,0.9707171,0.6958737,0.5587456,0.5443632,0.12761351,0.08399868,0.70061284,0.80752057,0.7489017,0.58542025,0.33095455,0.8589378,0.5886931,0.75704336,0.6647335,0.8573619,0.7779403,0.38119596,0.15781534
